Rk,Player,Tkl/90,Season,Age,Nation,Team,Comp,MP,Min,90s,Starts,Subs,unSub,Gls,Ast,G+A,G-PK,PK,PKatt,PKm,Tkl/90,TklW,Def 3rd,Mid 3rd,Att 3rd,Tkl,Att,Tkl%,Lost,Blocks,Sh,Pass,Int,Tkl+Int,Clr,Err,Pos
401,Douglas Luiz,2.2,2024-2025,26,br BRA,Juventus,it Serie A,19,529,5.9,3,16,6,0,0,0,0,0,0,0,2.2,1.4,1.2,0.9,0.2,1,1.5,66.7,0.5,0.9,0.3,0.5,0.7,2.9,0.9,0,MF
402,Kenny Lala,2.2,2024-2025,32,mg MAD,Brest,fr Ligue 1,30,2686,29.8,29,1,2,0.1,0.1,0.2,0,0.1,0.1,0,2.2,1.4,1.2,0.8,0.2,1.3,1.9,66.7,0.6,0.8,0.3,0.5,0.8,3,2.5,0.1,DF
403,Antonio Blanco,2.2,2024-2025,24,es ESP,Alavés,es La Liga,35,2727,30.3,32,3,1,0,0,0,0,0,0,0,2.2,1.3,0.8,1.2,0.2,1.1,2.7,38.6,1.7,1,0.2,0.8,1.4,3.6,1.6,0,MF
404,Gautier Lloris,2.2,2024-2025,29,fr FRA,Le Havre,fr Ligue 1,31,2768,30.8,31,0,1,0.1,0,0.1,0.1,0,0,0,2.2,1.4,1.7,0.5,0,1.2,1.7,71.7,0.5,1.1,0.7,0.4,1.1,3.3,6.2,0,DF
405,Jonas Föhrenbach,2.2,2024-2025,28,de GER,Heidenheim,de Bundesliga,27,1832,20.4,22,5,6,0,0,0,0,0,0,0,2.2,1.2,1.2,0.7,0.2,1.1,1.7,62.9,0.6,1.4,0.1,1.3,0.8,3,2.8,0,DF
406,Mohamed Abdelmoneim,2.2,2024-2025,25,eg EGY,Nice,fr Ligue 1,12,855,9.5,10,2,12,0,0,0,0,0,0,0,2.2,1.5,1.3,0.6,0.3,1.4,2.3,59.1,0.9,1.2,0.5,0.6,1.6,3.8,5.9,0.1,DF
407,Neil El Aynaoui,2.2,2024-2025,23,ma MAR,Lens,fr Ligue 1,24,1588,17.6,17,7,1,0.5,0.1,0.5,0.3,0.2,0.2,0,2.2,1.2,1,0.9,0.3,0.7,1.9,35.3,1.2,1.9,0.5,1.5,1.7,3.9,1.6,0,MF
408,Jude Bellingham,2.2,2024-2025,21,eng ENG,Real Madrid,es La Liga,31,2488,27.6,29,2,0,0.3,0.3,0.6,0.3,0,0.1,0,2.2,1.2,0.7,1,0.5,1,1.5,66.7,0.5,1.3,0.1,1.3,1,3.2,0.8,0,MF
409,Olasagasti,2.2,2024-2025,23,es ESP,Real Sociedad,es La Liga,22,857,9.5,7,15,16,0.1,0.1,0.2,0.1,0,0,0,2.2,1.1,0.7,0.9,0.5,0.8,1.9,44.4,1.1,0.8,0.2,0.6,1.6,3.8,1.1,0,MF
410,Jack Stephens,2.2,2024-2025,30,eng ENG,Southampton,eng Premier League,19,1389,15.4,17,2,4,0.1,0,0.1,0.1,0,0,0,2.2,1.3,1.6,0.6,0,1.1,1.9,56.7,0.8,1.3,0.8,0.5,0.8,3,3.4,0.1,DF
411,Corentin Tolisso,2.2,2024-2025,29,fr FRA,Lyon,fr Ligue 1,32,2329,25.9,27,5,1,0.3,0.2,0.4,0.3,0,0,0,2.2,1,0.8,1,0.4,1.3,2.5,52.3,1.2,2,0.5,1.5,0.9,3.1,1.6,0,MF
412,Chris Richards,2.2,2024-2025,24,us USA,Crystal Palace,eng Premier League,24,1922,21.4,22,2,5,0,0,0,0,0,0,0,2.2,1.4,1.1,0.8,0.3,1.1,1.9,58.5,0.8,1.9,0.7,1.2,0.9,3.1,5.7,0,DF
413,Sebastiano Esposito,2.2,2024-2025,22,it ITA,Empoli,it Serie A,33,2331,25.9,27,6,1,0.3,0,0.3,0.3,0,0.1,0,2.2,1.1,0.6,1.2,0.4,0.7,1.4,51.4,0.7,0.8,0.1,0.7,0.5,2.7,0.5,0,"FW,MF"
414,John Tolkin,2.2,2024-2025,22,us USA,Holstein Kiel,de Bundesliga,11,737,8.2,9,2,2,0,0.2,0.2,0,0,0,0,2.2,1.3,1.3,0.9,0,1.5,1.7,85.7,0.2,1.2,0.2,1,1,3.2,6.6,0,"DF,MF"
415,Lewis Ferguson,2.2,2024-2025,24,sct SCO,Bologna,it Serie A,16,983,10.9,10,6,9,0.1,0.1,0.2,0,0.1,0.1,0,2.2,1.2,0.4,1.3,0.5,0.8,1.5,56.3,0.6,0.8,0.2,0.6,0.5,2.7,0.8,0,MF
416,Pawe? Dawidowicz,2.2,2024-2025,29,pl POL,Hellas Verona,it Serie A,26,1845,20.5,24,2,1,0,0,0,0,0,0,0,2.2,1.2,1,1.1,0.1,0.9,1.3,66.7,0.4,0.8,0.3,0.5,1,3.2,3.4,0.1,"DF,MF"
417,Iñigo Ruiz de Galarreta,2.2,2024-2025,30,es ESP,Athletic Club,es La Liga,26,1477,16.4,18,8,1,0,0.2,0.2,0,0,0,0,2.2,1.3,0.7,1,0.5,1.2,1.9,64.5,0.7,0.7,0.2,0.4,1,3.2,0.9,0.1,MF
418,Aitor Ruibal,2.2,2024-2025,28,es ESP,Betis,es La Liga,29,1313,14.6,13,16,2,0.1,0.2,0.3,0.1,0,0,0,2.2,1.6,1.5,0.3,0.4,1.7,3.2,53.2,1.5,1.4,0.3,1,1,3.2,2.7,0.1,"DF,FW"
419,Adrià Pedrosa,2.2,2024-2025,26,es ESP,Sevilla,es La Liga,31,2298,25.5,27,4,3,0,0,0.1,0,0,0,0,2.2,1.3,1.3,0.6,0.2,1.2,2.1,57.4,0.9,1.7,0.4,1.3,0.9,3.1,3.3,0,DF
420,Nahuel Estévez,2.2,2024-2025,28,ar ARG,Parma,it Serie A,14,657,7.3,7,7,10,0,0,0,0,0,0,0,2.2,0.8,1,1.1,0.1,0.8,2.1,40,1.2,1.2,0.3,1,0.4,2.6,3.6,0,MF
421,Kevin Akpoguma,2.2,2024-2025,29,ng NGA,Hoffenheim,de Bundesliga,32,2220,24.7,23,9,2,0,0,0,0,0,0,0,2.2,1.1,1.5,0.5,0.2,1.2,1.9,65.2,0.6,2.6,1.5,1.1,1.2,3.4,4.7,0,DF
422,Rodrigo Bentancur,2.2,2024-2025,27,uy URU,Tottenham,eng Premier League,26,1645,18.3,21,5,1,0.1,0,0.1,0.1,0,0,0,2.2,1.2,1,0.9,0.2,1,2.2,47.5,1.1,1.4,0.4,0.9,2.2,4.4,2.1,0.1,MF
423,Santiago Bueno,2.2,2024-2025,25,uy URU,Wolves,eng Premier League,29,1687,18.7,18,11,8,0,0,0,0,0,0,0,2.2,1.1,1.2,1,0.1,0.9,1.2,77.3,0.3,1.9,1.1,0.8,0.8,3,3.7,0,DF
424,Jhon Solis,2.2,2024-2025,19,co COL,Girona,es La Liga,19,535,5.9,3,16,13,0.2,0,0.2,0.2,0,0,0,2.2,1.2,0.5,1.5,0.2,1,2.4,42.9,1.3,2.2,0.2,2,0.7,2.9,1,0.2,MF
425,Pape Gueye,2.2,2024-2025,25,sn SEN,Villarreal,es La Liga,34,2224,24.7,26,8,0,0.2,0,0.2,0.2,0,0,0,2.2,1.1,0.9,0.9,0.3,0.8,1.2,69,0.4,1.3,0.5,0.7,1.1,3.3,2.1,0.1,MF
426,Domingos André Ribeiro Almeida,2.2,2024-2025,24,pt POR,Valencia,es La Liga,34,1977,22,24,10,2,0,0.2,0.2,0,0,0,0,2.2,1.5,0.8,1,0.4,0.6,1.8,35.9,1.1,1,0.1,0.8,0.4,2.5,0.6,0,"MF,FW"
427,Eric García,2.2,2024-2025,23,es ESP,Barcelona,es La Liga,29,1566,17.4,14,15,3,0.1,0.2,0.3,0.1,0,0,0,2.2,1.2,0.6,1.4,0.2,1.1,1.7,69,0.5,1.4,0.5,0.9,0.8,3,2.4,0,"DF,MF"
428,Morato,2.2,2024-2025,23,br BRA,Nott'ham Forest,eng Premier League,26,907,10.1,6,20,8,0,0,0,0,0,0,0,2.2,1.4,1.8,0.3,0.1,1.3,2.1,61.9,0.8,1.4,0.5,0.9,1,3.2,7.7,0.2,DF
429,Jarell Quansah,2.2,2024-2025,21,eng ENG,Liverpool,eng Premier League,13,495,5.5,4,9,25,0,0,0,0,0,0,0,2.2,1.5,1.5,0.7,0,1.3,1.8,70,0.5,1.8,1.3,0.5,1.3,3.5,5.1,0.2,DF
430,Seydouba Cissé,2.2,2024-2025,23,gn GUI,Leganés,es La Liga,34,2435,27.1,31,3,2,0.1,0,0.1,0.1,0,0,0,2.2,1.4,0.7,1,0.5,0.9,1.8,46,1,0.9,0,0.9,0.4,2.6,1.7,0,MF
431,Julián Malatini,2.2,2024-2025,23,ar ARG,Werder Bremen,de Bundesliga,10,454,5,5,5,21,0.2,0.2,0.4,0.2,0,0,0,2.2,1.8,1,1,0.2,1,2.2,45.5,1.2,1.6,0.6,1,1.4,3.6,3.4,0,DF
432,Mathis Amougou,2.2,2024-2025,18,fr FRA,2 Teams,2 Comps,18,867,9.6,9,9,4,0,0,0,0,0,0,0,2.2,1.6,1.6,0.5,0.1,1,2,52.6,0.9,1,0,1,1.2,3.4,0.4,0,MF
433,Marten de Roon,2.2,2024-2025,33,nl NED,Atalanta,it Serie A,36,3058,34,34,2,1,0.1,0.1,0.2,0.1,0,0,0,2.2,1.4,0.9,1.1,0.1,0.9,1.9,45.5,1.1,1.2,0.2,1,1.4,3.6,2,0,"MF,DF"
434,Jules Koundé,2.2,2024-2025,25,fr FRA,Barcelona,es La Liga,32,2605,28.9,29,3,1,0.1,0.1,0.2,0.1,0,0,0,2.2,1.5,1,0.8,0.4,1.5,2.3,66.7,0.8,1.2,0.2,1,0.7,2.9,2.3,0.1,DF
435,Valentin Atangana Edoa,2.2,2024-2025,18,fr FRA,Reims,fr Ligue 1,34,2854,31.7,33,1,0,0,0,0,0,0,0,0,2.2,1.6,1,0.9,0.2,0.9,1.2,73.7,0.3,1,0.5,0.5,1.2,3.3,2,0,MF
436,Malo Gusto,2.2,2024-2025,21,fr FRA,Chelsea,eng Premier League,32,1862,20.7,19,13,1,0,0,0,0,0,0,0,2.2,1.4,1.3,0.7,0.1,1.2,2.3,52.1,1.1,1.4,0.4,1,1.2,3.3,2.4,0.2,DF
437,Diogo Dalot,2.2,2024-2025,25,pt POR,Manchester Utd,eng Premier League,33,2814,31.3,31,2,0,0,0.1,0.1,0,0,0,0,2.2,1.3,1.3,0.7,0.2,1.1,1.7,65.4,0.6,0.7,0.3,0.4,1.2,3.4,2.3,0,DF
438,Mason Mount,2.2,2024-2025,25,eng ENG,Manchester Utd,eng Premier League,17,622,6.9,8,9,3,0.1,0,0.1,0.1,0,0,0,2.2,0.7,0.7,1.2,0.3,1.3,1.7,75,0.4,1.6,0.1,1.4,0.6,2.7,0.6,0,MF
439,Sergi Cardona,2.2,2024-2025,25,es ESP,Villarreal,es La Liga,35,2945,32.7,34,1,1,0,0.2,0.2,0,0,0,0,2.2,1.5,1.3,0.6,0.2,1.5,2.4,62,0.9,1.6,0.2,1.4,1.2,3.4,3.7,0,DF
440,Ross Barkley,2.2,2024-2025,30,eng ENG,Aston Villa,eng Premier League,20,581,6.5,3,17,4,0.5,0.2,0.6,0.5,0,0,0,2.2,0.5,0.6,1.5,0,1.4,2.2,64.3,0.8,1.4,0.5,0.9,1.5,3.7,0.8,0,MF
441,Mandela Keita,2.2,2024-2025,22,be BEL,Parma,it Serie A,30,1826,20.3,24,6,4,0,0.1,0.1,0,0,0,0,2.2,1.2,0.6,1.2,0.3,0.9,1.7,51.4,0.8,0.9,0.3,0.5,1,3.2,1.4,0.1,MF
442,Marvin,2.2,2024-2025,24,es ESP,Las Palmas,es La Liga,23,1038,11.5,9,14,1,0,0,0,0,0,0,0,2.2,1.1,1,0.8,0.3,1,2.3,42.3,1.3,1.5,0.5,1,1.3,3.5,2.9,0,"DF,FW"
443,Tomás Palacios,2.2,2024-2025,21,ar ARG,2 Teams,it Serie A,10,457,5.1,5,5,23,0,0,0,0,0,0,0,2.2,1,1.8,0.4,0,1.8,2.6,69.2,0.8,1.4,0.4,1,1.8,3.9,3.3,0.4,DF
444,Henri Koudossou,2.2,2024-2025,24,de GER,Augsburg,de Bundesliga,21,748,8.3,4,17,5,0,0,0,0,0,0,0,2.2,1.2,0.7,1.3,0.1,1.3,2.3,57.9,1,1,0.2,0.7,1.8,4,4.5,0,DF
445,Joël Schingtienne,2.2,2024-2025,21,be BEL,Venezia,it Serie A,16,1122,12.5,12,4,16,0,0,0,0,0,0,0,2.2,1.3,1.4,0.6,0.2,1,1.5,63.2,0.6,1.4,0.7,0.7,1.1,3.3,2,0.4,DF
446,Óscar Rodríguez Arnaiz,2.2,2024-2025,26,es ESP,Leganés,es La Liga,29,1330,14.8,12,17,5,0.1,0.3,0.3,0.1,0,0,0,2.2,1.2,0.7,1.1,0.4,0.9,2.2,43.8,1.2,0.7,0.1,0.6,1.4,3.5,1.4,0,"MF,FW"
447,Yvann Macon,2.2,2024-2025,25,fr FRA,Saint-Étienne,fr Ligue 1,12,790,8.8,10,2,2,0,0,0,0,0,0,0,2.2,1.3,1,0.8,0.3,1.1,2.4,47.6,1.3,1.6,0.5,1.1,0.2,2.4,1.1,0.1,DF
448,Pierre Højbjerg,2.2,2024-2025,28,dk DEN,Marseille,fr Ligue 1,30,2664,29.6,30,0,1,0.1,0.1,0.2,0.1,0,0,0,2.2,1.5,0.8,1.1,0.2,1.2,2.3,53.6,1.1,0.9,0.1,0.8,1.4,3.6,1.1,0.1,MF
449,Fabiano Parisi,2.2,2024-2025,23,it ITA,Fiorentina,it Serie A,26,1124,12.5,11,15,12,0.2,0,0.2,0.2,0,0,0,2.2,1.4,0.9,1,0.3,1,1.7,57.1,0.7,1.1,0.2,1,1.4,3.5,1.4,0,"DF,MF"
450,Maximilian Wittek,2.2,2024-2025,28,de GER,Bochum,de Bundesliga,33,2706,30.1,32,1,0,0,0,0,0,0,0,0,2.2,1.4,1.3,0.6,0.2,1.3,1.8,70.4,0.5,1.8,0.3,1.5,0.9,3.1,3,0.1,DF
451,Ki-Jana Hoever,2.2,2024-2025,22,nl NED,Auxerre,fr Ligue 1,30,2124,23.6,26,4,1,0,0.1,0.1,0,0,0,0,2.2,1.6,1.1,0.7,0.4,1.3,2.3,55.6,1,1.4,0.1,1.3,0.9,3.1,3,0,DF
452,Arda Güler,2.2,2024-2025,19,tr TUR,Real Madrid,es La Liga,28,1250,13.9,14,14,10,0.2,0.3,0.5,0.2,0,0,0,2.2,1.2,0.8,0.6,0.8,0.6,1.6,40.9,0.9,1.3,0,1.3,0.5,2.7,0.6,0,"MF,FW"
453,Teddy Teuma,2.2,2024-2025,30,mt MLT,Reims,fr Ligue 1,17,750,8.3,9,8,6,0.1,0,0.1,0,0.1,0.1,0,2.2,1.2,0.7,0.7,0.7,0.8,3,28,2.2,1.4,0.2,1.2,1.4,3.6,1,0.1,MF
454,Jurriën Timber,2.2,2024-2025,23,nl NED,Arsenal,eng Premier League,30,2417,26.9,27,3,2,0,0.1,0.1,0,0,0,0,2.2,1.4,0.6,1.1,0.4,0.7,1,66.7,0.3,0.7,0.1,0.6,0.8,3,1.6,0,DF
455,Guela Doué,2.2,2024-2025,21,ci CIV,Strasbourg,fr Ligue 1,32,2717,30.2,30,2,0,0,0.1,0.1,0,0,0,0,2.2,1.5,1.3,0.5,0.3,1.2,1.8,68.5,0.6,1.3,0.2,1.1,1.1,3.3,5.1,0,DF
456,El Chadaille Bitshiabu,2.2,2024-2025,19,fr FRA,RB Leipzig,de Bundesliga,21,1130,12.6,13,8,7,0,0,0,0,0,0,0,2.2,1.4,1.4,0.7,0.1,0.8,1.5,52.6,0.7,2,1.1,0.9,1,3.2,7.7,0.2,DF
457,Koke,2.1,2024-2025,32,es ESP,Atlético Madrid,es La Liga,32,1926,21.4,20,12,1,0,0,0.1,0,0,0,0,2.1,1.1,0.8,1,0.3,1,2,48.8,1,1.1,0.1,1,0.9,3.1,1.4,0.1,MF
458,Kevin Stöger,2.1,2024-2025,30,at AUT,Gladbach,de Bundesliga,31,1551,17.2,16,15,3,0.2,0.2,0.3,0.1,0.1,0.1,0,2.1,1.2,1.3,0.6,0.2,0.9,2.3,41,1.3,1.4,0.2,1.2,0.9,3.1,1.5,0.2,MF
459,Cheikh Niasse,2.1,2024-2025,24,sn SEN,Hellas Verona,it Serie A,11,755,8.4,8,3,2,0,0,0,0,0,0,0,2.1,1.8,0.7,1.4,0,1.2,2.3,52.6,1.1,2,0.5,1.5,2,4.2,2,0.2,MF
460,Joelinton,2.1,2024-2025,27,br BRA,Newcastle Utd,eng Premier League,29,2393,26.6,29,0,0,0.2,0.1,0.3,0.2,0,0,0,2.1,1.3,0.9,0.9,0.4,0.9,1.7,56.8,0.7,1.4,0.3,1.1,0.9,3,1.8,0.1,"MF,FW"
461,Lucas Mincarelli,2.1,2024-2025,20,fr FRA,Montpellier,fr Ligue 1,10,715,7.9,8,2,6,0.1,0,0.1,0.1,0,0,0,2.1,1.3,0.8,1.1,0.3,0.8,1.6,46.2,0.9,1,0.6,0.4,1.1,3.3,3.4,0,DF
462,Leonardo Balerdi,2.1,2024-2025,25,ar ARG,Marseille,fr Ligue 1,27,2273,25.3,27,0,1,0,0,0,0,0,0,0,2.1,1.5,1.3,0.7,0.2,1.1,1.9,57.4,0.8,1,0.6,0.4,1.5,3.6,2.9,0.2,DF
463,Emre Can,2.1,2024-2025,30,de GER,Dortmund,de Bundesliga,31,2105,23.4,23,8,0,0.1,0,0.1,0,0.1,0.1,0,2.1,1.2,1.3,0.7,0.2,0.8,1.5,50,0.8,1.3,0.7,0.6,0.9,3,3.8,0.1,"DF,MF"
464,Santiago Pierotti,2.1,2024-2025,23,ar ARG,Lecce,it Serie A,36,1937,21.5,22,14,1,0.2,0.1,0.3,0.2,0,0,0,2.1,1.1,1,0.8,0.3,1.1,2.4,45.1,1.3,1.4,0.2,1.2,0.7,2.8,1.5,0,FW
465,Reda Belahyane,2.1,2024-2025,20,ma MAR,2 Teams,it Serie A,28,1856,20.6,18,10,8,0,0.1,0.1,0,0,0,0,2.1,1.6,1.2,0.6,0.3,0.9,1.1,82.6,0.2,1.1,0.5,0.6,0.5,2.7,1.3,0,MF
466,Jordan Ferri,2.1,2024-2025,32,fr FRA,Montpellier,fr Ligue 1,25,1773,19.7,21,4,1,0,0.1,0.1,0,0,0,0,2.1,1.2,0.9,1.1,0.1,0.9,2.2,40.9,1.3,1,0.2,0.9,0.5,2.6,1,0,MF
467,Loïc Nego,2.1,2024-2025,33,hu HUN,Le Havre,fr Ligue 1,31,2459,27.3,28,3,3,0,0,0,0,0,0,0,2.1,1.3,1.4,0.6,0.2,1.5,2.3,64.1,0.8,0.6,0.1,0.5,1.1,3.2,3,0,"DF,FW"
468,Théo Sainte-Luce,2.1,2024-2025,25,fr FRA,Montpellier,fr Ligue 1,16,1018,11.3,11,5,4,0.1,0,0.1,0.1,0,0,0,2.1,1,1.4,0.4,0.4,1.4,2.9,48.5,1.5,1.4,0.4,1.1,1.1,3.2,2.9,0.1,DF
469,Philipp Sander,2.1,2024-2025,26,de GER,Gladbach,de Bundesliga,27,1400,15.6,16,11,1,0.1,0,0.1,0.1,0,0,0,2.1,1.1,1,1,0.1,0.6,1.5,43.5,0.8,1,0.5,0.6,1.5,3.6,2.8,0.2,MF
470,Mathias Pereira Lage,2.1,2024-2025,27,pt POR,Brest,fr Ligue 1,29,1571,17.5,18,11,5,0.1,0.4,0.5,0.1,0,0,0,2.1,1.4,0.9,0.7,0.5,1,2.2,46.2,1.2,1,0.1,0.9,1.1,3.3,1.1,0.1,"FW,MF"
471,Georginio Rutter,2.1,2024-2025,22,fr FRA,Brighton,eng Premier League,28,1656,18.4,19,9,0,0.3,0.2,0.4,0.3,0,0,0,2.1,0.8,0.7,1,0.4,0.8,2,38.9,1.2,1.1,0.2,0.9,0.5,2.7,0.7,0.1,"MF,FW"
472,Léo Pétrot,2.1,2024-2025,27,fr FRA,Saint-Étienne,fr Ligue 1,31,2634,29.3,29,2,1,0,0.1,0.1,0,0,0,0,2.1,1.3,1.3,0.6,0.2,1.2,1.7,66.7,0.6,1.7,0.9,0.8,1.4,3.6,3.5,0,DF
473,Fran Garcia,2.1,2024-2025,24,es ESP,Real Madrid,es La Liga,31,2171,24.1,24,7,7,0,0.1,0.1,0,0,0,0,2.1,1.5,1.2,0.7,0.2,1.2,2.1,54.9,1,1.1,0.2,0.9,1.2,3.3,2.8,0,DF
474,Mikael Ellertsson,2.1,2024-2025,22,is ISL,Venezia,it Serie A,36,2470,27.4,29,7,1,0.1,0.1,0.1,0.1,0,0,0,2.1,0.9,1.3,0.5,0.3,1.2,2.2,54.1,1,1.5,0.2,1.3,0.6,2.7,2.9,0,"DF,MF"
475,Rasmus Kristensen,2.1,2024-2025,27,dk DEN,Eint Frankfurt,de Bundesliga,30,2513,27.9,28,2,0,0.2,0.1,0.3,0.2,0,0,0,2.1,1.2,1.3,0.6,0.2,1.4,2.4,59.7,1,1.8,0.5,1.3,0.7,2.8,3.5,0,DF
476,Bryan Cristante,2.1,2024-2025,29,it ITA,Roma,it Serie A,30,2045,22.7,23,7,0,0.2,0.1,0.3,0.2,0,0,0,2.1,1.3,0.8,1.1,0.3,0.7,1.1,57.7,0.5,0.9,0.4,0.4,0.8,2.9,1.6,0,MF
477,Mattia De Sciglio,2.1,2024-2025,31,it ITA,Empoli,it Serie A,16,769,8.5,7,9,16,0.1,0,0.1,0.1,0,0,0,2.1,1.5,1.2,0.9,0,1.6,2,82.4,0.4,1.2,0.4,0.8,0.9,3,4.1,0.1,DF
478,Joe Aribo,2.1,2024-2025,28,ng NGA,Southampton,eng Premier League,32,2013,22.4,21,11,6,0.1,0,0.1,0.1,0,0,0,2.1,1.5,0.8,1.1,0.3,0.8,1.6,48.6,0.8,1.3,0.5,0.8,0.9,3,1.4,0.1,"MF,DF"
479,Arthur Chaves,2.1,2024-2025,23,br BRA,Hoffenheim,de Bundesliga,26,2185,24.3,24,2,2,0,0,0,0,0,0,0,2.1,1.5,1.2,0.8,0.2,1,2.1,50,1,1.9,0.8,1.1,1.5,3.6,5.6,0.1,DF
480,Toti Gomes,2.1,2024-2025,25,pt POR,Wolves,eng Premier League,31,2614,29,30,1,1,0,0,0,0,0,0,0,2.1,1.5,1.4,0.5,0.1,1.3,1.6,80.4,0.3,1,0.6,0.4,0.9,3,5.2,0.2,DF
481,Giovani Lo Celso,2.1,2024-2025,28,ar ARG,Betis,es La Liga,25,1457,16.2,15,10,0,0.5,0.2,0.7,0.4,0.1,0.2,0.1,2.1,1.4,0.5,1.1,0.6,1.1,1.5,68,0.5,0.9,0.1,0.7,0.3,2.4,0.2,0.1,"MF,FW"
482,Brajan Gruda,2.1,2024-2025,20,de GER,Brighton,eng Premier League,21,687,7.6,8,13,7,0.1,0.5,0.7,0.1,0,0,0,2.1,1,0.8,0.8,0.5,0.9,1.8,50,0.9,1,0,1,0.3,2.4,0.7,0.1,"MF,FW"
483,Juan Jesus,2.1,2024-2025,33,br BRA,Napoli,it Serie A,15,1074,11.9,12,3,18,0,0.1,0.1,0,0,0,0,2.1,1.2,1.3,0.8,0,1,1.7,60,0.7,1.3,0.3,1,0.8,2.8,3.5,0,DF
484,Jean-Ricner Bellegarde,2.1,2024-2025,26,ht HAI,Wolves,eng Premier League,35,1677,18.6,20,15,2,0.1,0.4,0.5,0.1,0,0,0,2.1,1.3,0.9,1,0.2,0.8,1.1,70,0.3,1,0.2,0.9,0.5,2.6,1,0.1,"MF,FW"
485,Jack Taylor,2.1,2024-2025,26,ie IRL,Ipswich Town,eng Premier League,32,860,9.6,4,28,1,0.1,0,0.1,0.1,0,0,0,2.1,1,0.6,1.2,0.3,1.3,2.8,44.4,1.6,1.3,0.3,0.9,0.9,3,2.5,0,MF
486,Santiago Mouriño,2.1,2024-2025,22,uy URU,Alavés,es La Liga,25,1849,20.5,20,5,7,0,0,0,0,0,0,0,2.1,1.4,1.5,0.6,0,1,1.8,55.3,0.8,1.3,0.6,0.7,1.4,3.5,5.8,0,DF
487,Achraf Hakimi,2.1,2024-2025,25,ma MAR,Paris S-G,fr Ligue 1,25,2066,23,24,1,2,0.2,0.3,0.4,0.2,0,0,0,2.1,1.6,0.8,0.9,0.4,1.2,2.4,49.1,1.2,1.1,0.1,1,1.4,3.4,0.8,0.1,DF
488,Davide Calabria,2.1,2024-2025,27,it ITA,2 Teams,it Serie A,18,948,10.5,11,7,11,0,0.1,0.1,0,0,0,0,2.1,1.4,1.4,0.5,0.2,0.9,1.8,47.4,0.9,0.5,0,0.5,1,3.1,2.8,0.1,DF
489,Andrei Ratiu,2.1,2024-2025,26,ro ROU,Rayo Vallecano,es La Liga,35,3065,34.1,34,1,1,0.1,0.1,0.1,0.1,0,0,0,2.1,1.2,1.2,0.6,0.3,1.2,2.1,60,0.8,1.3,0.1,1.2,0.8,2.9,2.1,0.1,DF
490,Jacopo Fazzini,2.1,2024-2025,21,it ITA,Empoli,it Serie A,20,1383,15.4,16,4,2,0.3,0.1,0.3,0.3,0,0,0,2.1,1.2,0.7,1,0.3,0.8,1.5,56.5,0.7,0.8,0.1,0.8,0.4,2.5,1.6,0,MF
491,Finn Jeltsch,2.1,2024-2025,18,de GER,Stuttgart,de Bundesliga,12,780,8.7,9,3,1,0,0,0,0,0,0,0,2.1,1.5,0.7,1.3,0.1,1.4,1.7,80,0.3,1.4,0.7,0.7,1.5,3.6,3.1,0.2,DF
492,Przemys?aw Frankowski,2.1,2024-2025,29,pl POL,Lens,fr Ligue 1,18,1387,15.4,16,2,2,0.3,0.1,0.4,0.1,0.1,0.1,0,2.1,1.4,1.1,0.6,0.3,1.2,1.9,63.3,0.7,0.6,0.1,0.5,1.2,3.3,1.8,0,DF
493,Peter González,2.1,2024-2025,22,do DOM,Getafe,es La Liga,17,477,5.3,2,15,21,0,0,0,0,0,0,0,2.1,1.1,0.4,0.9,0.8,1.1,1.7,66.7,0.6,1.5,0,1.5,0.4,2.5,0.9,0,"MF,FW"
494,Carles Pérez,2.1,2024-2025,26,es ESP,Getafe,es La Liga,27,1431,15.9,15,12,11,0.2,0,0.2,0.2,0,0,0,2.1,1.4,0.7,0.9,0.5,1.3,3,43.8,1.7,1.2,0.1,1.1,0.4,2.5,1.4,0,"MF,FW"
495,Ritsu Doan,2.1,2024-2025,26,jp JPN,Freiburg,de Bundesliga,34,2862,31.8,33,1,0,0.3,0.2,0.5,0.3,0,0,0,2.1,1.3,1,0.8,0.2,0.8,1.4,54.3,0.7,1.8,0.1,1.7,0.4,2.5,1.5,0,"FW,MF"
496,Aarón Martín,2.1,2024-2025,27,es ESP,Genoa,it Serie A,36,3085,34.3,35,1,1,0,0.2,0.2,0,0,0,0,2.1,1.4,1.2,0.8,0.1,1,1.5,64.7,0.5,1,0.3,0.6,0.6,2.6,2.1,0,DF
497,Janik Haberer,2.1,2024-2025,30,de GER,Union Berlin,de Bundesliga,28,1696,18.8,21,7,6,0,0,0,0,0,0,0,2.1,1.5,0.8,1.1,0.1,1.4,2.3,59.1,1,0.8,0,0.8,0.9,3,2,0,"MF,DF"
498,Alexis Saelemaekers,2.1,2024-2025,25,be BEL,2 Teams,it Serie A,23,1479,16.4,18,5,5,0.4,0.2,0.6,0.4,0,0,0,2.1,1.3,1.3,0.4,0.3,1.2,2.2,52.8,1,0.7,0.1,0.7,0.6,2.7,0.5,0.1,"DF,FW"
499,Alexander Bernhardsson,2.1,2024-2025,25,se SWE,Holstein Kiel,de Bundesliga,19,1263,14,15,4,1,0.5,0.1,0.6,0.5,0,0,0,2.1,1.1,0.6,0.6,0.8,1.4,2.2,64.5,0.8,1,0,1,0.4,2.4,1.8,0,"FW,MF"
500,Daler Kuzyaev,2.1,2024-2025,31,ru RUS,Le Havre,fr Ligue 1,12,567,6.3,6,6,12,0.2,0,0.2,0.2,0,0,0,2.1,1.3,1.1,0.6,0.3,0.3,1.4,22.2,1.1,1.1,0.6,0.5,1.4,3.5,1.3,0,MF
501,Yvan Neyou,2.1,2024-2025,27,cm CMR,Leganés,es La Liga,30,2312,25.7,27,3,1,0,0,0.1,0,0,0,0,2.1,1.3,0.8,1,0.2,0.9,1.8,46.8,1,1.4,0.2,1.2,1,3.1,1.5,0,MF
502,Bilal El Khannouss,2.1,2024-2025,20,ma MAR,Leicester City,eng Premier League,32,2182,24.2,27,5,3,0.1,0.1,0.2,0.1,0,0,0,2.1,1.2,0.7,1.2,0.2,0.7,1.3,53.1,0.6,0.9,0.2,0.7,0.2,2.3,0.4,0.1,"MF,FW"
503,Pathé Ciss,2.1,2024-2025,30,sn SEN,Rayo Vallecano,es La Liga,33,2140,23.8,25,8,3,0.2,0,0.2,0.2,0,0,0,2.1,1,1.1,0.9,0,0.8,1.7,48.8,0.9,1.3,0.4,0.9,1.7,3.7,2.6,0.1,"MF,DF"
504,Jonathan Ikone,2.1,2024-2025,26,fr FRA,2 Teams,it Serie A,27,874,9.7,6,21,5,0.2,0,0.2,0.2,0,0,0,2.1,1.1,0.7,0.5,0.8,0.8,1.5,53.3,0.7,0.8,0.1,0.7,0.1,2.2,0.2,0.1,FW
505,Daniel Parejo,2.1,2024-2025,35,es ESP,Villarreal,es La Liga,36,2273,25.3,26,10,0,0.1,0.1,0.2,0.1,0,0.1,0,2.1,1.6,1.1,0.8,0.2,1.1,2.1,53.7,1,1,0.3,0.7,1,3,1.6,0,MF
506,Gaetano Castrovilli,2.1,2024-2025,27,it ITA,2 Teams,it Serie A,21,744,8.3,8,13,13,0,0,0,0,0,0,0,2.1,1.1,1.6,0.4,0.1,0.7,1.8,40,1.1,1.3,0.2,1.1,0.6,2.7,1.2,0,MF
507,Lisandro Martínez,2.1,2024-2025,26,ar ARG,Manchester Utd,eng Premier League,20,1751,19.5,20,0,2,0.1,0.1,0.2,0.1,0,0,0,2.1,1.2,1.3,0.6,0.2,1.1,1.9,58.3,0.8,1.1,0.4,0.7,1.6,3.7,2.9,0.1,DF
508,Finn Porath,2.1,2024-2025,27,de GER,Holstein Kiel,de Bundesliga,31,1970,21.9,20,11,1,0.1,0.1,0.2,0.1,0,0,0,2.1,1.2,1.1,0.6,0.3,1.2,2.4,49.1,1.2,1.2,0.4,0.8,1,3,3.1,0,"DF,MF"
509,Juan Cuadrado,2.1,2024-2025,36,co COL,Atalanta,it Serie A,23,832,9.2,7,16,6,0,0.2,0.2,0,0,0,0,2.1,1,1,0.6,0.4,1.2,2.5,47.8,1.3,1.5,0.2,1.3,0.8,2.8,1,0,"DF,MF"
510,Michel Ndary Adopo,2.1,2024-2025,24,fr FRA,Cagliari,it Serie A,35,2409,26.8,27,8,2,0,0,0.1,0,0,0,0,2.1,1.2,0.6,1.2,0.3,0.6,1.1,51.7,0.5,0.7,0.2,0.6,1,3.1,0.9,0,MF
511,Curtis Jones,2.1,2024-2025,23,eng ENG,Liverpool,eng Premier League,33,1712,19,19,14,1,0.2,0.2,0.3,0.2,0,0,0,2.1,1.2,0.3,1.2,0.5,0.9,1.4,63,0.5,1.2,0.5,0.7,0.4,2.4,0.5,0.2,"MF,DF"
512,Flynn Downes,2.1,2024-2025,25,eng ENG,Southampton,eng Premier League,27,2151,23.9,25,2,2,0,0,0,0,0,0,0,2.1,1,1,0.9,0.2,0.6,1.5,41.7,0.9,1.2,0.4,0.8,1.3,3.4,2.1,0.2,MF
513,Jubal,2,2024-2025,30,br BRA,Auxerre,fr Ligue 1,30,2640,29.3,30,0,0,0.2,0,0.2,0.1,0.1,0.1,0,2,1.3,1.6,0.4,0,1,1.4,70,0.4,2.1,1.2,0.9,0.9,2.9,6.9,0,DF
514,Amadou Haidara,2,2024-2025,26,ml MLI,RB Leipzig,de Bundesliga,28,1320,14.7,16,12,2,0,0.1,0.1,0,0,0,0,2,1.2,0.8,1.1,0.1,0.8,2,41.4,1.2,2.9,0.8,2,1.2,3.3,3.8,0.1,MF
515,Enzo Boyomo,2,2024-2025,22,cm CMR,2 Teams,es La Liga,37,3257,36.2,36,1,0,0.1,0,0.1,0.1,0,0,0,2,1.2,1.4,0.6,0.1,0.9,1.2,78.6,0.2,1.1,0.6,0.4,1.2,3.3,4,0.1,DF
516,Felix Passlack,2,2024-2025,26,de GER,Bochum,de Bundesliga,31,2334,25.9,30,1,0,0,0.2,0.3,0,0,0,0,2,0.9,1.2,0.5,0.3,1.2,2.1,54.5,1,1.6,0.4,1.2,0.7,2.7,2.4,0,"DF,MF"
517,Roberto Navarro,2,2024-2025,22,es ESP,Mallorca,es La Liga,23,1278,14.2,15,8,2,0.1,0,0.1,0.1,0,0,0,2,1.5,1,0.8,0.3,0.6,1.3,47.4,0.7,1.3,0,1.3,1.3,3.4,0.8,0,"MF,FW"
518,Dani Rodríguez,2,2024-2025,36,es ESP,Mallorca,es La Liga,37,2162,24,26,11,0,0.2,0.3,0.5,0.2,0,0,0,2,1.2,0.7,0.9,0.4,0.6,1.1,51.9,0.5,0.9,0.1,0.8,0.5,2.5,1.2,0,"MF,FW"
519,Joan Jordán,2,2024-2025,30,es ESP,Alavés,es La Liga,25,1414,15.7,15,10,4,0.3,0.1,0.4,0.1,0.2,0.3,0.1,2,1.1,0.7,1.1,0.3,1.1,1.9,56.7,0.8,0.8,0,0.8,0.6,2.6,1.3,0,MF
520,Assane Dioussé,2,2024-2025,26,sn SEN,Auxerre,fr Ligue 1,17,663,7.4,7,10,17,0,0,0,0,0,0,0,2,1,1.2,0.7,0.1,0.7,1.9,35.7,1.2,0.8,0.3,0.5,1.6,3.7,2,0,MF
521,Tim Oermann,2,2024-2025,20,de GER,Bochum,de Bundesliga,29,2213,24.6,26,3,4,0,0.1,0.1,0,0,0,0,2,1.3,1,0.9,0.2,1.1,1.7,60.5,0.7,1.3,0.7,0.7,0.9,2.9,2.6,0,DF
522,Paul Wanner,2,2024-2025,18,de GER,Heidenheim,de Bundesliga,29,1771,19.7,20,9,4,0.2,0.1,0.3,0.1,0.1,0.1,0,2,1.4,0.8,1.1,0.2,0.8,1.6,46.9,0.9,0.8,0,0.8,0.2,2.2,1,0,"MF,FW"
523,Jonathan Clauss,2,2024-2025,31,fr FRA,Nice,fr Ligue 1,28,2303,25.6,27,1,0,0.1,0.3,0.4,0.1,0,0,0,2,1.4,1.1,0.7,0.2,1.1,2.2,50,1.1,1,0.1,0.9,1.9,3.9,2.7,0.1,"DF,MF"
524,Diego Coppola,2,2024-2025,20,it ITA,Hellas Verona,it Serie A,34,2927,32.5,33,1,1,0.1,0,0.1,0.1,0,0,0,2,1.1,1.5,0.4,0.1,0.9,1.2,70,0.4,1.4,0.7,0.6,2.2,4.2,6,0.1,DF
525,Tommy Doyle,2,2024-2025,22,eng ENG,Wolves,eng Premier League,24,488,5.4,3,21,9,0,0.2,0.2,0,0,0,0,2,1.1,1.1,0.6,0.4,1.1,2.8,40,1.7,2,0.9,1.1,0.9,3,2,0.2,MF
526,Atakan Karazor,2,2024-2025,27,,Stuttgart,de Bundesliga,32,2618,29.1,31,1,0,0.1,0.1,0.2,0.1,0,0,0,2,1,0.7,1,0.4,1,2,50.9,1,1.3,0.2,1.1,1.1,3.1,1.8,0,MF
527,Felix Nmecha,2,2024-2025,23,de GER,Dortmund,de Bundesliga,26,1509,16.8,19,7,0,0.2,0.1,0.3,0.2,0,0,0,2,1.3,0.4,1.1,0.5,0.7,1.3,54.5,0.6,1.2,0.3,0.9,1.4,3.4,1.8,0.1,MF
528,Adrian Beck,2,2024-2025,27,de GER,Heidenheim,de Bundesliga,32,1598,17.8,18,14,1,0.2,0.1,0.3,0.2,0,0,0,2,1,1,0.7,0.3,0.7,2,34.3,1.3,1.7,0.1,1.6,0.5,2.5,1,0,"MF,FW"
529,Valentin Mihaila,2,2024-2025,24,ro ROU,Parma,it Serie A,21,1288,14.3,16,5,2,0,0.2,0.2,0,0,0,0,2,1,0.6,0.9,0.6,0.6,1.5,40.9,0.9,1.3,0,1.3,0.6,2.6,0.4,0,"FW,MF"
530,Moritz Jenz,2,2024-2025,25,de GER,Mainz 05,de Bundesliga,19,1600,17.8,18,1,4,0,0,0,0,0,0,0,2,1.1,1,1,0,0.9,1.2,76.2,0.3,1.3,0.8,0.5,1.7,3.7,7.2,0.1,DF
531,Sander Berge,2,2024-2025,26,no NOR,Fulham,eng Premier League,31,2224,24.7,26,5,0,0,0,0,0,0,0,0,2,1.2,0.9,0.9,0.2,1.1,1.6,69.2,0.5,1.1,0.3,0.8,0.8,2.9,1.5,0,MF
532,Kenan Y?ld?z,2,2024-2025,19,tr TUR,Juventus,it Serie A,35,2402,26.7,28,7,1,0.3,0.1,0.4,0.3,0,0,0,2,1.1,0.5,1,0.6,0.7,1.2,56.3,0.5,0.9,0,0.9,0.2,2.2,0.5,0.1,"FW,MF"
533,Lutsharel Geertruida,2,2024-2025,24,nl NED,RB Leipzig,de Bundesliga,24,1557,17.3,17,7,7,0.1,0,0.1,0.1,0,0,0,2,1.4,1.4,0.6,0,0.9,1.8,48.4,0.9,0.9,0.2,0.6,0.9,2.9,3.4,0.2,DF
534,Warren Bondo,2,2024-2025,20,fr FRA,2 Teams,it Serie A,24,1780,19.8,22,2,8,0,0,0,0,0,0,0,2,1.4,1.2,0.7,0.2,0.8,1.1,72.7,0.3,0.9,0.3,0.6,0.3,2.3,0.5,0.2,MF
535,Jens Cajuste,2,2024-2025,24,se SWE,Ipswich Town,eng Premier League,30,1959,21.8,25,5,3,0,0,0.1,0,0,0,0,2,1,0.9,1.1,0.1,1,2.3,42.9,1.3,1.1,0.5,0.7,1.3,3.3,1.5,0.1,MF
536,Kiko Femenía,2,2024-2025,33,es ESP,Villarreal,es La Liga,28,2227,24.7,27,1,2,0,0,0,0,0,0,0,2,1.4,1.4,0.6,0.1,1.3,2.3,57.9,1,0.8,0.4,0.4,1.6,3.6,2.5,0.1,DF
537,Marc Cucurella,2,2024-2025,26,es ESP,Chelsea,eng Premier League,36,2988,33.2,33,3,0,0.2,0,0.2,0.2,0,0,0,2,1.4,0.9,0.9,0.2,1,1.8,52.5,0.9,1.5,0.5,1,0.8,2.9,2.9,0.1,DF
538,Héctor Bellerín,2,2024-2025,29,es ESP,Betis,es La Liga,9,580,6.4,6,3,10,0,0.3,0.3,0,0,0,0,2,1.1,1.1,0.6,0.3,1.6,2.6,58.8,1.1,0.8,0.5,0.3,0.9,2.9,3.3,0,DF
539,Hugo Magnetti,2,2024-2025,26,fr FRA,Brest,fr Ligue 1,32,2323,25.8,27,5,0,0,0,0,0,0,0,0,2,1.2,0.8,1,0.2,0.9,2,45.1,1.1,0.8,0.1,0.7,0.7,2.7,1.4,0,MF
540,Youssouf Fofana,2,2024-2025,25,fr FRA,Milan,it Serie A,35,2504,27.8,29,6,0,0,0.2,0.3,0,0,0,0,2,1.2,0.7,1.1,0.2,0.9,1.9,50,0.9,1.2,0.3,0.8,0.7,2.7,0.9,0.1,MF
541,Wahbi Khazri,2,2024-2025,33,tn TUN,Montpellier,fr Ligue 1,30,1118,12.4,10,20,2,0.1,0.1,0.2,0.1,0,0,0,2,1.4,0.4,1.3,0.3,0.6,1.7,38.1,1,1,0.1,1,0.4,2.4,0.6,0,"FW,MF"
542,Anthony Caci,2,2024-2025,27,fr FRA,Mainz 05,de Bundesliga,33,2684,29.8,33,0,0,0,0.2,0.3,0,0,0,0,2,1.3,0.8,0.8,0.4,0.9,1.5,63.6,0.5,1.1,0.3,0.8,0.9,2.9,1.6,0.1,DF
543,Juanmi,2,2024-2025,31,es ESP,2 Teams,es La Liga,24,940,10.4,10,14,10,0,0,0,0,0,0,0,2,1.4,0.7,1,0.4,1,2.4,40,1.4,1,0,1,0.3,2.3,0.7,0,"FW,MF"
544,Hugo Sotelo,2,2024-2025,20,es ESP,Celta Vigo,es La Liga,24,1254,13.9,15,9,12,0,0,0,0,0,0,0,2,1.2,0.6,0.7,0.7,0.9,2.2,41.9,1.3,0.6,0.1,0.6,0.4,2.4,0.6,0.1,MF
545,Matteo Ruggeri,2,2024-2025,22,it ITA,Atalanta,it Serie A,30,1751,19.5,19,11,6,0,0.2,0.2,0,0,0,0,2,1.2,0.8,0.7,0.5,1.3,2,64.1,0.7,1.5,0.2,1.3,1.1,3.1,2.6,0.1,DF
546,Mikel Vesga,2,2024-2025,31,es ESP,Athletic Club,es La Liga,25,988,11,10,15,10,0,0,0,0,0,0.1,0.1,2,1.4,0.6,1.2,0.2,1.1,2.6,42.9,1.5,0.9,0.1,0.8,1.4,3.4,2.4,0,MF
547,Nordi Mukiele,2,2024-2025,26,fr FRA,Leverkusen,de Bundesliga,15,899,10,10,5,12,0.1,0,0.1,0.1,0,0,0,2,1.6,0.8,0.8,0.4,1.2,1.8,66.7,0.6,1,0,1,1.6,3.6,3.7,0.2,DF
548,Jens Stage,2,2024-2025,27,dk DEN,Werder Bremen,de Bundesliga,28,2204,24.5,26,2,1,0.4,0.2,0.6,0.4,0,0,0,2,1.2,0.9,1,0.1,1,1.9,54.3,0.9,1.8,0.4,1.4,0.7,2.7,1.7,0.1,MF
549,Héctor Fort,2,2024-2025,17,es ESP,Barcelona,es La Liga,17,585,6.5,5,12,19,0,0,0,0,0,0,0,2,1.2,0.9,0.6,0.5,1.5,2.5,62.5,0.9,1.8,0,1.8,0.9,2.9,2.5,0,DF
550,Elias Saad,2,2024-2025,24,tn TUN,St. Pauli,de Bundesliga,18,900,10,10,8,2,0.3,0.2,0.5,0.3,0,0,0,2,1.3,0.7,0.8,0.5,1,2,50,1,1.4,0,1.4,0.3,2.3,0.1,0,"FW,MF"
551,Caleb Okoli,2,2024-2025,23,it ITA,Leicester City,eng Premier League,19,1125,12.5,12,7,18,0.1,0,0.1,0.1,0,0,0,2,1.1,0.6,1.2,0.2,0.9,1.4,61.1,0.6,1.9,1.1,0.8,1.2,3.2,6.3,0.2,DF
552,Frank Onyeka,2,2024-2025,26,ng NGA,2 Teams,2 Comps,33,2611,29,30,3,0,0,0,0,0,0,0,0,2,1.6,0.8,1,0.3,0.8,1.4,55,0.6,1.2,0.3,0.9,1.2,3.2,1.2,0.1,MF
553,Aaron Wan-Bissaka,2,2024-2025,26,cd COD,West Ham,eng Premier League,36,3154,35,35,1,1,0.1,0.1,0.2,0.1,0,0,0,2,1.4,0.9,0.9,0.1,0.7,0.9,71.9,0.3,1.1,0.3,0.7,1.9,3.9,3.6,0,DF
554,Marcus Tavernier,2,2024-2025,25,eng ENG,Bournemouth,eng Premier League,29,1939,21.5,20,9,0,0.1,0.2,0.4,0.1,0,0,0,2,1.1,0.7,0.9,0.4,0.5,1.3,37,0.8,0.7,0.1,0.6,0.2,2.2,0.5,0,"FW,MF"
555,Adrien Truffert,2,2024-2025,22,fr FRA,Rennes,fr Ligue 1,33,2752,30.6,31,2,0,0.1,0.1,0.1,0.1,0,0,0,2,1.2,0.9,0.7,0.4,1,1.6,66.7,0.5,1.4,0.2,1.2,0.9,2.9,1.8,0,"DF,MF"
556,Nnamdi Collins,2,2024-2025,20,de GER,Eint Frankfurt,de Bundesliga,24,1489,16.5,15,9,7,0.1,0.1,0.1,0.1,0,0,0,2,1.5,1.5,0.4,0.1,1,1.3,77.3,0.3,1.3,0.7,0.7,1,3,4.5,0.2,DF
557,Clément Akpa,2,2024-2025,22,ci CIV,Auxerre,fr Ligue 1,31,2486,27.6,29,2,1,0,0,0,0,0,0,0,2,1.2,1.3,0.4,0.3,1.1,1.7,67.4,0.5,1.4,0.5,0.9,1.5,3.5,5.1,0.1,DF
558,Anuar,2,2024-2025,29,ma MAR,Valladolid,es La Liga,26,1720,19.1,21,5,2,0.1,0,0.1,0.1,0,0,0,2,1.4,1.1,0.6,0.3,0.8,1.5,53.6,0.7,1.3,0.4,0.8,0.9,2.9,1.4,0.1,"MF,FW"
559,Hakan Çalhano?lu,2,2024-2025,30,tr TUR,Inter,it Serie A,29,1947,21.6,26,3,1,0.2,0.3,0.5,0.1,0.1,0.2,0,2,1.1,0.3,1.1,0.6,1,1.7,58.3,0.7,0.8,0.4,0.4,0.8,2.8,1.1,0,MF
560,Marc Roca,2,2024-2025,27,es ESP,Betis,es La Liga,14,906,10.1,11,3,1,0.2,0.2,0.4,0.2,0,0,0,2,1.4,1,0.9,0.1,0.9,1.7,52.9,0.8,1.7,0.5,1.2,1.4,3.4,1.4,0.2,MF
561,Enzo Fernández,2,2024-2025,23,ar ARG,Chelsea,eng Premier League,36,2947,32.7,32,4,0,0.2,0.2,0.4,0.2,0,0,0,2,1,0.5,0.9,0.5,0.9,2.6,36.9,1.6,1.3,0.2,1.1,0.4,2.4,0.7,0.1,MF
562,Kingsley Ehizibue,2,2024-2025,29,nl NED,Udinese,it Serie A,33,2498,27.8,30,3,1,0,0,0,0,0,0,0,2,1.3,1.1,0.6,0.2,0.9,1.5,61,0.6,1.5,0.5,1,0.8,2.8,2.5,0.2,DF
563,Borna Sosa,2,2024-2025,26,hr CRO,Torino,it Serie A,19,1181,13.1,14,5,9,0,0,0,0,0,0,0,2,1.4,1.1,0.5,0.4,1.2,1.9,64,0.7,1,0.5,0.5,1.1,3,2.5,0,DF
564,Edu Expósito,2,2024-2025,27,es ESP,Espanyol,es La Liga,19,1045,11.6,12,7,5,0,0.2,0.2,0,0,0,0,2,1.1,0.8,1.1,0.1,0.8,2,39.1,1.2,0.3,0,0.3,1.3,3.3,1.8,0.2,MF
565,Baptiste Santamaria,2,2024-2025,29,fr FRA,2 Teams,fr Ligue 1,23,1409,15.7,16,7,9,0,0.1,0.1,0,0,0,0,2,0.9,1.1,0.6,0.3,1.2,2.1,57.6,0.9,1.5,0.4,1.1,1.9,3.9,1.7,0.1,MF
566,Ricardo Rodríguez,2,2024-2025,31,ch SUI,Betis,es La Liga,18,1274,14.2,15,3,17,0,0.1,0.1,0,0,0,0,2,1.1,1.1,0.4,0.5,1.2,1.8,65.4,0.6,0.7,0.1,0.6,0.6,2.5,3.6,0,DF
567,Timothy Weah,2,2024-2025,24,us USA,Juventus,it Serie A,30,1638,18.2,18,12,2,0.3,0.1,0.4,0.3,0,0,0,2,1,0.8,0.7,0.4,0.8,1.4,56,0.6,1.4,0.2,1.2,0.8,2.7,1.5,0.1,"DF,FW"
568,Charalampos Lykogiannis,2,2024-2025,30,gr GRE,Bologna,it Serie A,17,1048,11.6,12,5,17,0,0.3,0.3,0,0,0,0,2,1.2,1.2,0.7,0.1,0.9,1.7,50,0.9,0.9,0.4,0.4,0.9,2.9,3.5,0.1,DF
569,Ryan Yates,2,2024-2025,26,eng ENG,Nott'ham Forest,eng Premier League,35,1915,21.3,18,17,2,0.1,0,0.1,0.1,0,0,0,2,1,1.1,0.7,0.2,0.8,1.7,45.9,0.9,1.8,0.5,1.3,1.2,3.2,2.9,0,MF
570,Ridgeciano Haps,2,2024-2025,31,sr SUR,Venezia,it Serie A,25,1369,15.2,14,11,9,0.1,0.1,0.1,0.1,0,0,0,2,1.1,1.2,0.5,0.2,0.9,1.4,63.6,0.5,1.2,0.2,1,0.5,2.4,3.2,0,DF
571,Jordan Zemura,2,2024-2025,24,zw ZIM,Udinese,it Serie A,23,1415,15.7,13,10,11,0.1,0.1,0.2,0.1,0,0,0,2,0.9,0.9,0.8,0.3,1.1,1.8,58.6,0.8,1.1,0.3,0.8,1,3,2.6,0,DF
572,James Tarkowski,2,2024-2025,31,eng ENG,Everton,eng Premier League,33,2922,32.5,33,0,0,0,0,0.1,0,0,0,0,2,1.2,1.2,0.7,0.1,0.7,1.2,61.5,0.5,1.8,1.3,0.5,1.3,3.2,6.6,0.1,DF
573,Jorge Sáenz,2,2024-2025,27,es ESP,Leganés,es La Liga,23,1690,18.8,19,4,12,0.1,0,0.1,0.1,0,0,0,2,1.2,1,1,0.1,0.6,1.1,55,0.5,1.4,0.9,0.5,1.3,3.3,8.6,0,DF
574,Aihen Muñoz,2,2024-2025,26,es ESP,Real Sociedad,es La Liga,21,1098,12.2,13,8,14,0,0,0,0,0,0,0,2,1,1.1,0.7,0.2,1.1,2.3,50,1.1,0.9,0.5,0.4,1.1,3.1,3.9,0,DF
575,Christopher Trimmel,2,2024-2025,37,at AUT,Union Berlin,de Bundesliga,26,1740,19.3,20,6,7,0,0.2,0.2,0,0,0,0,2,1.3,1.2,0.7,0.1,1.4,2.2,66.7,0.7,0.7,0.3,0.4,0.9,2.9,4.8,0,"DF,MF"
576,Ryan Gravenberch,2,2024-2025,22,nl NED,Liverpool,eng Premier League,37,3160,35.1,37,0,0,0,0.1,0.1,0,0,0,0,2,1,0.8,0.8,0.4,0.9,1.6,57.1,0.7,1,0.3,0.7,1.7,3.7,1.7,0.1,MF
577,Silvan Widmer,2,2024-2025,31,ch SUI,Mainz 05,de Bundesliga,27,504,5.6,3,24,6,0,0.2,0.2,0,0,0,0,2,0.9,0.5,1.1,0.4,1.4,2.1,66.7,0.7,1.2,0.2,1.1,0.9,2.9,4.8,0,DF
578,Maxence Lacroix,2,2024-2025,24,fr FRA,Crystal Palace,eng Premier League,35,3116,34.6,35,0,0,0,0,0.1,0,0,0,0,2,1.2,1.5,0.4,0,0.9,1.4,68.1,0.4,1.4,0.6,0.8,1.6,3.5,6,0.1,DF
579,Iliman Ndiaye,2,2024-2025,24,sn SEN,Everton,eng Premier League,33,2430,27,29,4,0,0.3,0,0.3,0.3,0.1,0.1,0,2,1,0.7,0.6,0.6,0.8,1.8,44.9,1,1.1,0.2,0.9,0.7,2.7,0.9,0,FW
580,Selim Amallah,2,2024-2025,27,ma MAR,Valladolid,es La Liga,24,1376,15.3,18,6,7,0.2,0.1,0.3,0.1,0.1,0.1,0,2,1.2,0.7,1.2,0.1,0.7,1.2,55.6,0.5,1.6,0.1,1.4,0.9,2.9,0.3,0.1,MF
581,Mikayil Ngor Faye,2,2024-2025,20,sn SEN,Rennes,fr Ligue 1,11,688,7.6,7,4,11,0,0,0,0,0,0,0,2,1.6,1.3,0.4,0.3,0.9,1.2,77.8,0.3,1.2,0.5,0.7,1.6,3.5,3.9,0,DF
582,Gabriel Strefezza,2,2024-2025,27,br BRA,Como,it Serie A,37,2619,29.1,32,5,0,0.2,0.1,0.3,0.2,0,0,0,2,1.3,0.7,0.7,0.6,0.7,1.9,38.2,1.2,0.8,0.1,0.8,0.4,2.4,0.9,0,"FW,MF"
583,Juan David Cabal,2,2024-2025,23,co COL,Juventus,it Serie A,7,460,5.1,6,1,5,0,0,0,0,0,0,0,2,0.8,1.4,0.6,0,1.6,2.3,66.7,0.8,0.4,0,0.4,0.4,2.3,2.7,0.2,DF
584,Lukas Kübler,2,2024-2025,31,de GER,Freiburg,de Bundesliga,28,1842,20.5,22,6,3,0.2,0,0.3,0.2,0,0,0,2,1,0.8,1,0.1,1.3,2.3,56.3,1,1.6,0.6,0.9,2.6,4.5,3,0.1,DF
585,Daniele Ghilardi,2,2024-2025,21,it ITA,Hellas Verona,it Serie A,24,2029,22.5,21,3,11,0,0,0,0,0,0,0,2,1.3,1.2,0.8,0,1.1,1.8,61,0.7,1.3,0.7,0.6,1.3,3.3,4.7,0,DF
586,Timo Becker,2,2024-2025,27,de GER,Holstein Kiel,de Bundesliga,30,2445,27.2,28,2,1,0,0.1,0.1,0,0,0,0,2,1.2,1.4,0.3,0.2,1.3,1.7,73.9,0.4,1.1,0.6,0.5,0.6,2.6,4,0,DF
587,Marshall Munetsi,1.9,2024-2025,28,zw ZIM,2 Teams,2 Comps,33,2770,30.8,31,2,0,0.2,0.1,0.3,0.2,0,0,0,1.9,0.9,0.9,0.6,0.4,1.1,2,57.4,0.8,1.3,0.1,1.2,0.7,2.7,1.7,0,"MF,FW"
588,Alessandro Deiola,1.9,2024-2025,28,it ITA,Cagliari,it Serie A,29,1432,15.9,16,13,8,0.1,0.1,0.2,0.1,0,0,0,1.9,1.3,0.7,1.1,0.2,0.6,2,31.3,1.4,1.6,0.8,0.9,0.8,2.8,2.4,0,MF
589,Issiaga Sylla,1.9,2024-2025,30,gn GUI,Montpellier,fr Ligue 1,19,1156,12.8,15,4,1,0.1,0,0.1,0.1,0,0,0,1.9,0.8,1.3,0.5,0.1,1.2,2.3,51.7,1.1,1,0.3,0.7,0.8,2.7,2.6,0.1,DF
590,Max Rosenfelder,1.9,2024-2025,21,de GER,Freiburg,de Bundesliga,25,1249,13.9,13,12,2,0.1,0,0.1,0.1,0,0,0,1.9,1.2,1.2,0.7,0,1,1.4,73.7,0.4,1.2,0.6,0.6,0.5,2.4,4.7,0,DF
591,Sofiane Diop,1.9,2024-2025,24,fr FRA,Nice,fr Ligue 1,28,1064,11.8,8,20,1,0.5,0.3,0.8,0.5,0,0,0,1.9,1.4,1.4,0.3,0.3,0.8,1.9,40.9,1.1,1.6,0.2,1.4,1.4,3.4,0.6,0.1,"MF,FW"
592,Antoine Hainaut,1.9,2024-2025,22,fr FRA,Parma,it Serie A,25,1206,13.4,10,15,12,0.1,0,0.1,0.1,0,0,0,1.9,1,1.1,0.6,0.2,0.7,1,69.2,0.3,1.3,0.3,1,1.1,3.1,4.4,0.1,"DF,FW"
593,Luca Pellegrini,1.9,2024-2025,25,it ITA,Lazio,it Serie A,22,1067,11.9,10,12,5,0,0.3,0.3,0,0,0,0,1.9,0.9,0.9,0.8,0.2,1.4,2.7,53.1,1.3,0.8,0.3,0.6,1.6,3.5,2.7,0,DF
594,Rubén García,1.9,2024-2025,31,es ESP,Osasuna,es La Liga,36,2413,26.8,30,6,0,0.2,0.2,0.4,0.2,0,0,0,1.9,1.2,0.7,0.8,0.4,1,2.2,43.3,1.3,1.4,0.1,1.3,0.6,2.5,1.3,0,"FW,MF"
595,Tanguy Coulibaly,1.9,2024-2025,23,fr FRA,Montpellier,fr Ligue 1,25,1485,16.5,17,8,2,0.2,0,0.2,0.2,0,0,0,1.9,1.5,0.8,0.9,0.2,0.8,2,42.4,1.2,1.1,0.1,1,0.7,2.6,0.2,0.1,"FW,MF"
596,Sead Kolašinac,1.9,2024-2025,31,ba BIH,Atalanta,it Serie A,23,1903,21.1,23,0,0,0,0.1,0.1,0,0,0,0,1.9,1.2,1,0.9,0,0.8,1.4,53.3,0.7,0.8,0.3,0.4,1.2,3.1,2.5,0,DF
597,Nicolò Fagioli,1.9,2024-2025,23,it ITA,2 Teams,it Serie A,32,1533,17,15,17,6,0.1,0.1,0.2,0.1,0,0,0,1.9,1.2,0.9,0.9,0.2,0.9,1.8,48.4,0.9,0.9,0.1,0.8,0.4,2.3,1,0.1,MF
598,Nélson Semedo,1.9,2024-2025,30,pt POR,Wolves,eng Premier League,34,2886,32.1,32,2,0,0,0.1,0.1,0,0,0,0,1.9,1.1,1,0.7,0.3,1.1,1.8,59.6,0.7,1,0.3,0.7,0.7,2.7,3.2,0.1,DF
599,Jordy Makengo,1.9,2024-2025,22,fr FRA,Freiburg,de Bundesliga,19,745,8.3,7,12,12,0,0,0,0,0,0,0,1.9,1.1,1.2,0.6,0.1,1.2,1.9,62.5,0.7,1,0.4,0.6,0.8,2.8,3.5,0,DF
600,Jackson Irvine,1.9,2024-2025,31,au AUS,St. Pauli,de Bundesliga,29,2610,29,29,0,0,0,0.2,0.2,0,0,0,0,1.9,1,0.8,0.9,0.2,0.9,1.6,55.6,0.7,0.9,0.2,0.8,1.2,3.2,2.2,0.1,MF
,,,,,,,,,,,,,,,,,,,,,,,,,,,,,,,,,,,,,
