,,,,,,,,Playing Time,,,,,,Performance,,,,,,,Total,,,,,,,,,,Short,,,Medium,,,Long,,,
Rk,Player,Cmp/90,Season,Age,Nation,Team,Comp,MP,Min,90s,Starts,Subs,unSub,Gls,Ast,G+A,G-PK,PK,PKatt,PKm,Cmp/90,Att,Cmp%,KP,03-Jan,PPA,CrsPA,PrgP,TotDist,PrgDist,Cmp,Att,Cmp%,Cmp,Att,Cmp%,Cmp,Att,Cmp%,Pos
1601,Morten Thorsby,16.7,2024-2025,28,no NOR,Genoa,it Serie A,30,1898,21.1,22,8,2,0,0,0,0,0,0,0,16.7,25.1,66.6,1.3,2.1,0.5,0,2.8,218.2,80.7,10.3,13.7,75.3,4.6,7.1,64.4,0.6,0.9,66.7,"MF,FW"
1602,Ola Solbakken,16.7,2024-2025,25,no NOR,Empoli,it Serie A,21,760,8.4,8,13,1,0,0,0,0,0,0,0,16.7,23.6,70.9,1.1,1.7,0.6,0.1,2.4,272.5,74.3,9.1,11.8,77,5.2,7.1,73.3,1.7,2.5,66.7,"MF,FW"
1603,Lucas Stassin,16.7,2024-2025,19,be BEL,Saint-Étienne,fr Ligue 1,28,1887,21,23,5,0,0.6,0.2,0.8,0.6,0,0,0,16.7,22.6,74,0.9,0.6,0.6,0,1.7,222,31.9,10.6,12.8,82.9,4.3,5.4,78.9,0.7,1.1,65.2,FW
1604,Yorbe Vertessen,16.7,2024-2025,23,be BEL,Union Berlin,de Bundesliga,17,718,8,7,10,1,0.1,0,0.1,0.1,0,0,0,16.7,25.2,66.2,1.9,0.8,1.8,0.3,2,248.1,71.1,9.2,12,76,5.1,7.1,71.9,1.3,3.5,35.7,"MF,FW"
1605,Ludovic Ajorque,16.7,2024-2025,30,fr FRA,Brest,fr Ligue 1,31,2495,27.7,29,2,0,0.5,0.1,0.5,0.5,0,0,0,16.7,24.2,68.9,1.3,1,0.4,0,1.5,251.2,35,9.2,12.8,71.8,5.3,7.1,74.2,1.3,1.7,72.9,FW
1606,Adam Armstrong,16.7,2024-2025,27,eng ENG,Southampton,eng Premier League,20,1248,13.9,15,5,4,0.1,0.1,0.3,0.1,0,0.1,0.1,16.7,20.8,80.2,0.6,0.7,0.6,0.1,1.5,239.4,32.2,10,11.4,87.3,5.8,6.9,85.3,0.4,0.9,46.2,"FW,MF"
1607,Arnaud Kalimuendo,16.7,2024-2025,22,fr FRA,Rennes,fr Ligue 1,33,2578,28.6,31,2,0,0.6,0.1,0.7,0.4,0.2,0.3,0.1,16.7,21.1,78.8,0.7,1.3,0.5,0,2.5,247.2,43.5,8.9,10.6,83.3,5.2,6.2,83.8,1.2,1.4,82.5,"FW,MF"
1608,Mateo Retegui,16.6,2024-2025,25,it ITA,Atalanta,it Serie A,36,2383,26.5,32,4,0,0.9,0.3,1.2,0.8,0.2,0.2,0,16.6,21.7,76.5,1.4,1.1,0.3,0,1.7,234.5,36.7,10,11.9,84.1,5.1,6.3,80.4,0.8,1.3,64.7,FW
1609,Lautaro Martínez,16.6,2024-2025,26,ar ARG,Inter,it Serie A,31,2564,28.5,31,0,1,0.4,0.1,0.5,0.4,0,0,0,16.6,22.3,74.4,1.3,1.4,0.8,0,2.4,263,56.5,9.3,11.4,81.5,5.3,7,76.8,1.4,2,73.2,FW
1610,Álvaro Morata,16.5,2024-2025,31,es ESP,Milan,it Serie A,16,1099,12.2,13,3,0,0.4,0,0.4,0.4,0,0,0,16.5,21.9,75.4,0.6,1.2,0.2,0,2.1,257.7,44.1,9.7,12.2,79.2,4.5,6.1,74.3,1.6,2.3,67.9,"FW,MF"
1611,Raúl Jiménez,16.5,2024-2025,33,mx MEX,Fulham,eng Premier League,38,2494,27.7,30,8,0,0.4,0.1,0.5,0.3,0.1,0.1,0,16.5,23.2,71.2,0.9,1.5,0.5,0.1,2.2,249.6,58.4,9.6,11.8,81.3,5,6.8,73.4,1.2,2,60,FW
1612,Dango Ouattara,16.5,2024-2025,22,bf BFA,Bournemouth,eng Premier League,32,2005,22.3,21,11,0,0.3,0.2,0.5,0.3,0,0,0,16.5,27.5,60,1.6,0.9,1.2,0.5,1.9,257,76.6,9.4,12.9,72.9,5.4,8.7,62.2,1.1,3,37.3,FW
1613,Maximilian Beier,16.5,2024-2025,21,de GER,Dortmund,de Bundesliga,29,1591,17.7,17,12,1,0.5,0.3,0.7,0.5,0,0,0,16.5,23.4,70.5,1.4,0.7,0.8,0.2,1.9,201.9,48.2,10.6,13.6,77.9,4,5.7,70,0.3,0.5,55.6,"FW,MF"
1614,Sergio Camello,16.4,2024-2025,23,es ESP,Rayo Vallecano,es La Liga,23,1134,12.6,14,9,2,0.2,0.2,0.4,0.2,0,0,0,16.4,20.9,78.7,1.5,1,0.6,0,2.1,227.7,35.9,10.1,12,84.1,4.8,5.8,83.6,0.6,0.7,77.8,FW
1615,Jorge de Frutos,16.4,2024-2025,27,es ESP,Rayo Vallecano,es La Liga,36,2495,27.7,30,6,0,0.2,0.1,0.3,0.2,0,0,0,16.4,24,68.3,1.1,0.8,1,0.5,1.6,228.4,57.8,10.2,12.6,81,4.6,6.7,67.9,0.8,1.7,46.8,"FW,MF"
1616,Thijs Dallinga,16.4,2024-2025,23,nl NED,Bologna,it Serie A,31,1154,12.8,11,20,7,0.2,0.2,0.4,0.2,0,0,0,16.4,22.9,71.7,0.9,1.1,0.3,0,1.3,229.6,35.1,9.4,12.2,77.1,4.8,6.8,71.3,0.9,1.1,78.6,FW
1617,Gonçalo Ramos,16.3,2024-2025,23,pt POR,Paris S-G,fr Ligue 1,22,1066,11.8,12,10,0,0.8,0.3,1.1,0.7,0.2,0.3,0.1,16.3,20.3,80.1,1.3,0.8,0.8,0,2,192.4,31,11,13.1,83.9,3.7,4.5,83,0.3,0.3,75,FW
1618,Ismaila Sarr,16.3,2024-2025,26,sn SEN,Crystal Palace,eng Premier League,38,2711,30.1,30,8,0,0.3,0.2,0.5,0.3,0,0,0,16.3,24.6,66,1.5,0.9,1.4,0.3,2.8,240.9,73.1,8.8,11.9,73.8,6.1,8.5,71.2,0.7,1.7,44,MF
1619,Yann Karamoh,16.3,2024-2025,26,fr FRA,Torino,it Serie A,29,1046,11.6,10,19,7,0,0.1,0.1,0,0,0,0,16.3,24.3,67,0.8,0.7,0.8,0.1,2.4,235,50.3,10,12.7,78.4,4.5,6.2,72.2,0.9,1.9,50,"MF,FW"
1620,Diogo Jota,16.3,2024-2025,27,pt POR,Liverpool,eng Premier League,26,1196,13.3,14,12,3,0.5,0.2,0.7,0.5,0,0,0,16.3,23.3,69.7,0.8,2.2,0.2,0.1,2.6,249.3,62.4,8.5,11.1,76.9,5.9,7.8,76,1,1.7,56.5,FW
1621,Peter González,16.2,2024-2025,22,do DOM,Getafe,es La Liga,17,477,5.3,2,15,21,0,0,0,0,0,0,0,16.2,24.7,65.6,0.8,0.2,0.9,0.6,1.1,224.9,65.5,8.9,11.5,77,5.7,8.3,68.2,0.6,1.7,33.3,"MF,FW"
1622,Jáder Durán,16.2,2024-2025,20,co COL,Aston Villa,eng Premier League,20,638,7.1,4,16,1,1,0,1,1,0,0,0,16.2,23,70.6,0.6,1.4,0.1,0,1.8,219.8,43.3,9.6,11.8,81,4.8,7.1,68,0.7,1.6,45.5,FW
1623,Marcus Thuram,16.2,2024-2025,26,fr FRA,Inter,it Serie A,32,2290,25.4,27,5,3,0.6,0.2,0.7,0.6,0,0,0,16.2,22,73.7,1.5,0.9,1.1,0.2,2.1,206.8,42.5,9.8,12.8,76.6,4.3,5.5,79.1,0.6,0.9,65.2,FW
1624,Jonathan Burkardt,16.2,2024-2025,24,de GER,Mainz 05,de Bundesliga,29,2109,23.4,28,1,0,0.8,0.1,0.9,0.7,0.1,0.1,0,16.2,22.3,72.5,0.9,1.1,0.7,0.2,1.8,267.2,36.4,8.4,11,76.4,5.4,6.7,81.4,1.6,2.2,71.2,FW
1625,Antoine Joujou,16.1,2024-2025,21,fr FRA,Le Havre,fr Ligue 1,26,943,10.5,9,17,2,0,0.2,0.2,0,0,0,0,16.1,24.9,64.8,1.4,0.8,1.4,1,1.7,237.3,65.6,8.9,12.2,72.7,5.1,8,63.1,1.1,2.2,52.2,"MF,FW"
1626,Oumar Diakité,16.1,2024-2025,20,ci CIV,Reims,fr Ligue 1,26,1628,18.1,20,6,3,0.2,0.1,0.3,0.2,0,0.1,0.1,16.1,19.6,82.2,0.6,1.2,0.7,0.1,2.4,227.9,38.2,8.6,10.1,84.7,5.5,6.4,87,0.6,0.7,84.6,FW
1627,Armindo Sieb,16.1,2024-2025,21,de GER,Mainz 05,de Bundesliga,27,762,8.5,5,22,7,0.2,0.2,0.5,0.2,0,0,0,16.1,23,69.7,0.9,1.4,0.9,0.2,2.1,214.3,64.3,9.1,11.5,79.4,5.4,7.8,69.7,0.4,0.8,42.9,"FW,MF"
1628,Issa Soumaré,16,2024-2025,23,sn SEN,Le Havre,fr Ligue 1,29,1902,21.1,21,8,1,0.2,0.2,0.4,0.2,0,0,0,16,26.2,61.2,1.3,0.8,0.8,0.2,2.1,238.1,56.7,8.8,12.3,71.8,5.1,8.1,62.8,1.1,2.6,41.8,"FW,MF"
1629,Phillip Tietz,16,2024-2025,27,de GER,Augsburg,de Bundesliga,34,1686,18.7,19,15,0,0.4,0.1,0.5,0.3,0.1,0.1,0,16,25.7,62.4,1.2,1,0.5,0.1,1.5,215.2,35.8,9.8,14,69.6,4.8,7.1,66.9,0.4,1,44.4,FW
1630,Abel Ruiz,16,2024-2025,24,es ESP,Girona,es La Liga,23,1346,15,17,6,4,0.3,0,0.3,0.2,0.1,0.1,0.1,16,18.2,87.9,0.5,0.9,0.3,0,1.5,241.2,32.1,9.3,10.1,92.1,5.5,5.9,94.3,1,1.5,68.2,FW
1631,Borja Iglesias,16,2024-2025,31,es ESP,Celta Vigo,es La Liga,37,1952,21.7,24,13,1,0.5,0.1,0.6,0.5,0,0,0,16,22.5,70.8,0.8,0.9,0.4,0,1.3,229.7,37.8,9,11.6,78.1,4.8,6.1,78.2,0.9,1.5,62.5,FW
1632,Sirlord Conteh,15.9,2024-2025,28,de GER,Heidenheim,de Bundesliga,29,892,9.9,4,25,4,0.1,0.1,0.2,0.1,0,0,0,15.9,22.6,70.5,1.4,1.7,0.6,0.2,1.9,242.3,57.2,9.4,13,72.1,4.3,5.3,81.1,1.3,2.3,56.5,"FW,MF"
1633,Borja Mayoral,15.9,2024-2025,27,es ESP,Getafe,es La Liga,24,1114,12.4,7,17,1,0.4,0.1,0.5,0.3,0.1,0.1,0,15.9,20.5,77.6,0.6,0.9,0.2,0,1.1,232.4,37.1,9.1,10.7,85,4.6,5.7,81.4,1.1,1.4,76.5,FW
1634,Junior Messias,15.8,2024-2025,33,br BRA,Genoa,it Serie A,17,847,9.4,8,9,4,0.1,0.1,0.2,0.1,0,0.1,0.1,15.8,24.9,63.7,0.9,2.4,0.9,0.2,3.4,277.4,95.3,8.2,10.4,78.6,5.2,8.5,61.3,2.1,3.9,54.1,"MF,FW"
1635,Albert Grønbaek,15.8,2024-2025,23,dk DEN,2 Teams,2 Comps,20,956,10.6,11,9,3,0.2,0.1,0.3,0.2,0,0,0,15.8,24.9,63.4,1.9,1,1.2,0,2.9,235.9,81.7,9.6,12.1,79.1,4.2,6.7,63.4,1.2,3.2,38.2,"FW,MF"
1636,Serhou Guirassy,15.8,2024-2025,28,gn GUI,Dortmund,de Bundesliga,30,2598,28.9,29,1,0,0.7,0.1,0.9,0.6,0.1,0.1,0,15.8,21.7,72.7,0.9,1,0.5,0,1.5,198.4,32.3,10.6,13,81.3,3.6,5.1,71.4,0.6,0.8,69.6,FW
1637,Javi Puado,15.8,2024-2025,26,es ESP,Espanyol,es La Liga,35,2974,33,35,0,0,0.4,0.1,0.5,0.2,0.2,0.2,0,15.8,20.5,76.8,0.7,1.1,0.5,0.1,2.3,241.8,43.9,8.2,9.8,83.9,5.8,6.9,83.8,1.1,2,53,"FW,MF"
1638,Tiago Tomás,15.7,2024-2025,22,pt POR,Wolfsburg,de Bundesliga,32,1884,20.9,23,9,1,0.3,0,0.3,0.3,0,0,0,15.7,22.7,69.3,1,1.6,0.6,0.1,2.4,237.8,68.7,8.6,11.2,76.6,5.6,7.9,71.5,1,1.8,52.6,"FW,MF"
1639,Mikael Ellertsson,15.7,2024-2025,22,is ISL,Venezia,it Serie A,36,2470,27.4,29,7,1,0.1,0.1,0.1,0.1,0,0,0,15.7,22.1,71,0.7,0.8,0.3,0,1.3,231.4,75.6,8.8,11,80.4,5.8,7.8,74.3,0.5,1.8,30,"DF,MF"
1640,Benjamin Šeško,15.7,2024-2025,21,si SVN,RB Leipzig,de Bundesliga,33,2380,26.4,30,3,0,0.5,0.2,0.7,0.4,0.1,0.1,0,15.7,23.2,67.6,0.7,0.9,0.3,0,1.7,194.1,43.3,10.1,13.5,75.3,3.6,5.4,65.3,0.5,0.8,61.9,"FW,MF"
1641,Unai Gómez,15.6,2024-2025,21,es ESP,Athletic Club,es La Liga,32,1284,14.3,14,18,4,0.1,0.2,0.3,0.1,0,0,0,15.6,21.4,73.1,0.7,1.4,0.1,0,1.6,240,47.9,8.1,10.2,79.5,5.5,7,79,1.3,2.5,52.8,"MF,FW"
1642,Benedict Hollerbach,15.6,2024-2025,23,de GER,Union Berlin,de Bundesliga,34,2540,28.2,30,4,0,0.3,0,0.4,0.3,0,0,0,15.6,23.9,65.4,0.9,0.9,0.8,0.1,2.4,214.5,50.6,9.4,11.8,79.6,4.2,6,70.4,1,2,48.2,"FW,MF"
1643,Juanmi,15.6,2024-2025,31,es ESP,2 Teams,es La Liga,24,940,10.4,10,14,10,0,0,0,0,0,0,0,15.6,19.8,78.7,0.8,0.5,0.5,0,1.1,209.4,39,10.9,12.7,85.7,3.2,3.8,82.5,1,1.1,83.3,"FW,MF"
1644,Eddie Nketiah,15.6,2024-2025,25,eng ENG,2 Teams,eng Premier League,29,1034,11.5,9,20,4,0.3,0.1,0.3,0.3,0,0,0,15.6,21,74.3,1.1,1,0.4,0,1.7,236.9,49,8.3,10.4,79.2,5.2,6.5,80,1.2,1.7,70,FW
1645,Benedikt Pichler,15.4,2024-2025,27,at AUT,Holstein Kiel,de Bundesliga,18,785,8.7,7,11,5,0.1,0.2,0.3,0.1,0,0,0,15.4,24.3,63.2,1.4,1.3,0.8,0.2,2.2,227.8,38.5,7.8,12.2,64.2,5.6,8.3,68.1,0.7,0.9,75,FW
1646,Victor Boniface,15.4,2024-2025,23,ng NGA,Leverkusen,de Bundesliga,19,1008,11.2,12,7,5,0.7,0.1,0.8,0.7,0,0.1,0.1,15.4,21.9,70.2,0.9,0.9,0.7,0.2,2.1,219,44.9,8.5,11.3,74.8,4.6,6.1,76.5,1.1,1.4,75,FW
1647,Patrik Schick,15.3,2024-2025,28,cz CZE,Leverkusen,de Bundesliga,31,1684,18.7,19,12,2,1.1,0,1.1,1.1,0.1,0.1,0,15.3,19.7,78,0.6,0.6,0.3,0,1.1,190.5,25.3,10.3,12.5,82.1,4,5.1,78.9,0.2,0.2,75,FW
1648,Ange-Yoan Bonny,15.3,2024-2025,20,fr FRA,Parma,it Serie A,37,2529,28.1,30,7,0,0.2,0.1,0.4,0.1,0.1,0.1,0,15.3,20.4,75.2,1.1,1.1,0.5,0.1,1.9,223.6,44.5,8,9.9,80.6,4.9,6.1,81.3,1,1.5,70.7,FW
1649,Tim Kleindienst,15.3,2024-2025,28,de GER,Gladbach,de Bundesliga,31,2737,30.4,31,0,0,0.5,0.2,0.8,0.5,0,0.1,0,15.3,25.2,60.9,1,1,0.7,0,2.1,214,53.1,9.3,13.4,68.9,4.5,7.1,63.9,0.8,1.4,55.8,FW
1650,Amin Sarr,15.2,2024-2025,23,se SWE,Hellas Verona,it Serie A,32,1907,21.2,25,7,4,0.2,0,0.2,0.2,0,0,0,15.2,21.7,70,1,1.2,0.8,0.1,1.9,200.7,38.1,9.2,11.8,77.9,4,5.5,72.4,0.7,1.1,65.2,FW
1651,Niclas Füllkrug,15.2,2024-2025,31,de GER,West Ham,eng Premier League,18,790,8.8,6,12,1,0.3,0.2,0.6,0.3,0,0,0,15.2,22.6,67.2,1.6,1.4,0.6,0,1.6,211,35.8,9.5,12.3,76.9,4,6.6,60.3,0.8,1.5,53.8,FW
1652,Daniel Mosquera,15.1,2024-2025,24,co COL,Hellas Verona,it Serie A,35,1375,15.3,12,23,2,0.3,0.1,0.4,0.3,0,0,0,15.1,21.9,68.7,0.8,1.4,0.3,0,1.6,188.4,35.6,9.9,13.3,74.4,3.7,4.8,75.7,0.3,0.8,33.3,FW
1653,Sekou Mara,15,2024-2025,22,fr FRA,Strasbourg,fr Ligue 1,25,768,8.5,7,18,7,0.1,0.1,0.2,0.1,0,0,0,15,21.7,69.2,0.6,1.1,0.2,0,1.3,206.1,36,8.7,11.1,77.9,5.3,7.3,72.6,0.2,0.6,40,"FW,MF"
1654,Koji Miyoshi,14.9,2024-2025,27,jp JPN,Bochum,de Bundesliga,15,464,5.2,6,9,6,0.2,0,0.2,0.2,0,0,0,14.9,25.2,59.2,1,1.9,0.8,0,2.9,235.9,81.9,7.4,9.1,80.9,5.8,8.5,68.2,0.8,2.7,28.6,"FW,MF"
1655,Fábio Silva,14.9,2024-2025,22,pt POR,Las Palmas,es La Liga,24,1866,20.7,22,2,0,0.5,0.1,0.6,0.4,0.1,0.1,0,14.9,22.5,66.3,0.8,0.6,0.7,0.1,1.3,200.1,34.2,8.7,12.1,72.4,4,6,66.4,0.8,1.4,55.2,FW
1656,Shavy Babicka,14.9,2024-2025,24,ga GAB,Toulouse,fr Ligue 1,30,1186,13.2,11,19,2,0.3,0.2,0.5,0.3,0,0,0,14.9,22.2,67.1,1,0.6,1,0.4,1.6,198.5,48.8,9,11.8,76.1,4.6,6.5,70.6,0.4,1.1,33.3,"MF,FW"
1657,Wes Burns,14.9,2024-2025,29,wls WAL,Ipswich Town,eng Premier League,18,926,10.3,12,6,3,0,0.1,0.1,0,0,0,0,14.9,24.6,60.5,1,0.8,0.8,0.7,0.8,234.8,58,8,9.9,80.4,5,7.6,65.4,1.4,3.5,38.9,"FW,DF"
1658,Florian Ayé,14.9,2024-2025,27,fr FRA,Auxerre,fr Ligue 1,26,575,6.4,4,22,8,0.3,0,0.3,0.3,0,0,0,14.9,20.2,73.6,0.5,0.6,0.3,0,1.1,193.1,24.1,9.9,12.5,78.8,3.4,4.5,75.9,0.5,0.6,75,FW
1659,Mikel Oyarzabal,14.8,2024-2025,27,es ESP,Real Sociedad,es La Liga,35,2250,25,28,7,2,0.4,0.1,0.5,0.2,0.2,0.2,0,14.8,20.2,73.5,0.6,0.8,0.4,0.1,1.1,196,33.5,9.4,11,85.5,4,5.3,74.4,0.4,0.9,47.8,FW
1660,Nelson Weiper,14.8,2024-2025,19,de GER,Mainz 05,de Bundesliga,23,704,7.8,7,16,6,0.4,0.3,0.6,0.4,0,0,0,14.8,22.1,67.1,1.3,1.5,0.6,0,1.7,199.6,43.3,9.1,12.4,73.2,3.5,5,69.2,0.9,1,87.5,"FW,MF"
1661,Marvin Pieringer,14.8,2024-2025,24,de GER,Heidenheim,de Bundesliga,31,2206,24.5,26,5,0,0.3,0.2,0.4,0.2,0.1,0.1,0,14.8,22.5,65.8,1.2,1.5,0.5,0,2.4,200.8,53,8.9,11.7,75.7,4.2,6.4,65,0.7,1.4,45.7,"FW,MF"
1662,Patrick Cutrone,14.8,2024-2025,26,it ITA,Como,it Serie A,33,2047,22.7,23,10,5,0.3,0.2,0.5,0.3,0,0,0,14.8,21,70.3,0.8,0.7,0.4,0.1,1.4,194.5,29.4,9.1,11.4,79.6,4.2,5.6,74.2,0.4,0.9,40,FW
1663,Evann Guessand,14.8,2024-2025,23,ci CIV,Nice,fr Ligue 1,33,2565,28.5,30,3,1,0.4,0.3,0.7,0.4,0,0,0,14.8,20.1,73.3,1.1,1.6,0.9,0.1,2.8,203.2,56.1,9,11.3,79.8,4.9,6.4,77,0.4,0.7,52.6,"FW,MF"
1664,Haris Tabakovic,14.7,2024-2025,30,ba BIH,Hoffenheim,de Bundesliga,22,821,9.1,6,16,8,0.3,0.1,0.4,0.3,0,0,0,14.7,23.3,62.9,1,0.9,0.2,0.1,0.8,183.3,29.9,9,13.7,65.6,4.1,6.4,63.8,0.2,0.2,100,FW
1665,Lukas Nmecha,14.6,2024-2025,25,de GER,Wolfsburg,de Bundesliga,19,467,5.2,3,16,1,0.6,0,0.6,0.6,0,0,0,14.6,22.9,63.9,0.6,0.4,1,0.2,1.2,188.5,36.4,9.8,14.5,68,3.7,5.2,70.4,0.4,0.8,50,"FW,MF"
1666,Jofre,14.6,2024-2025,23,es ESP,Espanyol,es La Liga,37,2165,24.1,26,11,0,0.1,0.1,0.2,0.1,0,0,0,14.6,21.8,67,1,0.7,0.6,0.4,2,222.5,59.1,8,9.8,81.4,5.2,7.8,66.8,0.9,2.1,43.1,"MF,FW"
1667,Breel Embolo,14.6,2024-2025,27,ch SUI,Monaco,fr Ligue 1,29,1841,20.5,19,10,5,0.3,0.2,0.5,0.3,0,0,0,14.6,21.1,69.2,1.6,1.1,1.1,0,2.7,212.5,55.1,8.4,11.7,71.7,4.8,5.9,81,0.8,1.4,58.6,"FW,MF"
1668,Gorka Guruzeta,14.6,2024-2025,27,es ESP,Athletic Club,es La Liga,36,1840,20.4,21,15,1,0.3,0.1,0.4,0.3,0,0,0,14.6,20.1,72.5,0.7,1.1,0.1,0,1.5,215.4,32,8.3,10.5,79.1,4.8,6.4,74.8,0.8,1.5,51.6,FW
1669,Santiago Pierotti,14.5,2024-2025,23,ar ARG,Lecce,it Serie A,36,1937,21.5,22,14,1,0.2,0.1,0.3,0.2,0,0,0,14.5,20.3,71.3,1.2,1.3,0.4,0.1,1.8,201.4,52.7,8.9,10.9,82.1,4.3,5.9,73.8,0.6,1,59.1,FW
1670,Ayoze Pérez,14.3,2024-2025,31,es ESP,Villarreal,es La Liga,30,1970,21.9,22,8,0,0.9,0.1,1,0.9,0,0,0,14.3,18.9,75.8,1.5,1.7,1,0.2,3.3,229.5,60.1,6.5,8,81.7,6.3,7.6,83.1,0.9,1.4,63.3,FW
1671,Antonio Sanabria,14.3,2024-2025,28,py PAR,Torino,it Serie A,26,1318,14.6,16,10,10,0.1,0.1,0.2,0.1,0,0.1,0.1,14.3,18.3,78.4,0.6,0.9,0.2,0,1.2,194.2,30.8,8.4,10.2,82,4.4,5.4,81,0.6,1,60,FW
1672,Mama Samba Baldé,14.2,2024-2025,28,gw GNB,2 Teams,fr Ligue 1,29,1182,13.1,12,17,0,0.2,0.2,0.4,0.2,0,0,0,14.2,19.7,72.2,1.2,1.1,0.4,0.2,1.8,218.1,47,6.9,9.3,73.8,4.6,5.9,79.2,1.4,1.8,79.2,FW
1673,Carles Pérez,14.2,2024-2025,26,es ESP,Getafe,es La Liga,27,1431,15.9,15,12,11,0.2,0,0.2,0.2,0,0,0,14.2,21.1,67.3,1.1,1.1,0.9,0.5,1.3,217.3,51.4,8.2,10.4,78.8,4.6,6.5,70.9,1,2.5,40,"MF,FW"
1674,Justin Njinmah,14.2,2024-2025,23,de GER,Werder Bremen,de Bundesliga,26,952,10.6,10,16,1,0.3,0.2,0.5,0.3,0,0,0,14.2,23,61.7,1.1,0.8,0.9,0.3,2.2,203.9,49.3,8.8,12.3,71.5,3.6,5.8,62.3,1,1.5,68.8,"FW,MF"
1675,Michael Gregoritsch,14.1,2024-2025,30,at AUT,Freiburg,de Bundesliga,20,639,7.1,5,15,8,0.3,0.1,0.4,0.3,0,0,0,14.1,22.3,63.3,0.7,1.3,0.6,0,2.7,215.2,52.8,6.9,10,69,5.6,7.7,72.7,0.7,1.3,55.6,FW
1676,Che Adams,14,2024-2025,28,sct SCO,Torino,it Serie A,36,2652,29.5,30,6,1,0.3,0.1,0.4,0.3,0,0,0,14,18.9,74.3,0.9,1.1,0.2,0,1.4,221.6,40.2,7.5,9.6,78.1,4.5,5.7,79.8,1.3,1.8,69.8,FW
1677,Christantus Uche,14,2024-2025,21,ng NGA,Getafe,es La Liga,33,2486,27.6,30,3,0,0.1,0.2,0.4,0.1,0,0,0,14,21.4,65.4,1,1.3,0.6,0.1,1.8,183.9,45.8,9,11.9,75.6,3.7,5.7,64.3,0.4,1.2,37.5,"FW,MF"
1678,M'Bala Nzola,14,2024-2025,27,ao ANG,Lens,fr Ligue 1,21,1460,16.2,16,5,1,0.4,0.1,0.4,0.4,0,0,0,14,18.6,75.2,1.2,0.4,0.6,0,1.4,159,25.6,9.7,12.1,80.2,2.3,3.3,70.4,0.3,0.4,83.3,FW
1679,Koka,14,2024-2025,31,eg EGY,Le Havre,fr Ligue 1,16,851,9.5,10,6,0,0.3,0.1,0.4,0.2,0.1,0.1,0,14,17.9,78.1,0.5,0.8,0.2,0,1.3,220,30.9,6.8,8.4,81,4.7,5.9,78.6,1.3,1.7,75,FW
1680,Raúl,13.9,2024-2025,23,es ESP,Osasuna,es La Liga,32,750,8.3,5,27,2,0.5,0,0.5,0.5,0,0,0,13.9,20.2,69,0.4,1.3,0.1,0,1.9,181.2,26.3,8.9,11.2,79.6,4,5.3,75,0.4,1.3,27.3,"FW,MF"
1681,Santiago Castro,13.9,2024-2025,19,ar ARG,Bologna,it Serie A,36,2294,25.5,27,9,1,0.3,0.2,0.5,0.3,0,0,0,13.9,18.1,76.8,1.1,0.9,0.3,0,1.5,250.5,39,5.7,7,81,5.8,6.9,84.7,1.6,2.1,74.1,FW
1682,Yoane Wissa,13.9,2024-2025,27,cd COD,Brentford,eng Premier League,35,2919,32.4,34,1,0,0.6,0.1,0.7,0.6,0,0,0,13.9,18.1,76.5,0.8,1.4,0.4,0,2.1,200.1,49.9,8.8,10.2,85.8,3.8,5.1,74.7,0.9,1.5,57.1,FW
1683,Chuky san jose,13.8,2024-2025,20,es ESP,Valladolid,es La Liga,18,728,8.1,9,9,13,0.2,0,0.2,0.2,0,0,0,13.8,20.2,68.7,1,1.2,0.6,0.4,1.9,234.5,65.5,7.3,8.9,81.9,4.3,5.9,72.9,1.9,3.6,51.7,MF
1684,Loïs Openda,13.8,2024-2025,24,be BEL,RB Leipzig,de Bundesliga,33,2453,27.3,28,5,0,0.3,0.2,0.5,0.3,0,0,0,13.8,21.7,63.8,1,0.9,0.7,0,1.7,177.9,36.5,8.5,11.8,72.6,3.2,5.1,61.4,0.8,1.4,57.9,"FW,MF"
1685,Lorenzo Colombo,13.8,2024-2025,22,it ITA,Empoli,it Serie A,37,2233,24.8,26,11,0,0.2,0.1,0.3,0.2,0,0,0,13.8,20.5,67.5,0.8,1,0.5,0.1,1.9,205.1,44.6,7.5,9.7,76.8,4.1,6,68.9,1.1,2,56,"FW,MF"
1686,Valentín Castellanos,13.8,2024-2025,25,ar ARG,Lazio,it Serie A,29,2384,26.5,28,1,2,0.4,0.1,0.5,0.3,0.1,0.1,0,13.8,20.4,67.7,1,1.8,0.5,0.1,2.5,195.2,47.1,8,10.5,75.9,4.5,6.5,69.2,0.6,1.1,57.1,FW
1687,Max Moerstedt,13.8,2024-2025,,de GER,Hoffenheim,de Bundesliga,12,451,5,5,7,7,0,0,0,0,0,0,0,13.8,20.6,67,1.4,1,0.4,0,2,156.5,40.7,8,11.6,69,3.6,5.2,69.2,0.2,0.8,25,FW
1688,Alexander Bernhardsson,13.8,2024-2025,25,se SWE,Holstein Kiel,de Bundesliga,19,1263,14,15,4,1,0.5,0.1,0.6,0.5,0,0,0,13.8,22.7,60.5,1.2,1.1,0.7,0.3,2.4,225.5,76.7,6.6,9.3,71,5.3,8.1,64.9,1.1,3.1,36.4,"FW,MF"
1689,Maroan Sannadi,13.7,2024-2025,23,ma MAR,Athletic Club,es La Liga,16,754,8.4,7,9,1,0.1,0.1,0.2,0.1,0,0,0,13.7,19,72.3,0.8,1.6,1,0,1.8,186,38.8,8.4,9.8,85.4,3.6,5,71.4,0.7,1.4,50,FW
1690,Paul Onuachu,13.7,2024-2025,30,ng NGA,Southampton,eng Premier League,25,1050,11.7,11,14,3,0.3,0.1,0.4,0.3,0,0,0,13.7,22.5,60.8,0.7,1.1,0.2,0,1.1,196.5,31.3,7.2,11.5,62.7,3.9,6,64.3,1,1.6,63.2,FW
1691,Andrea Belotti,13.7,2024-2025,30,it ITA,Como,it Serie A,18,593,6.6,7,11,5,0.3,0,0.3,0.3,0,0,0,13.7,18.2,75,1.1,0.8,0.2,0,1.4,162.7,27,9,10.8,83.1,2.6,3.8,68,0.6,0.9,66.7,FW
1692,Joshua King,13.6,2024-2025,32,no NOR,Toulouse,fr Ligue 1,28,1673,18.6,21,7,0,0.3,0.2,0.5,0.3,0,0,0,13.6,19.3,70.7,0.9,0.7,0.5,0.1,1.6,173.9,31.8,8.8,11.4,76.9,3.7,4.8,75.6,0.3,0.9,37.5,"FW,MF"
1693,Kiké,13.6,2024-2025,34,es ESP,Alavés,es La Liga,35,2542,28.2,29,6,2,0.5,0,0.5,0.4,0.1,0.1,0,13.6,20.8,65.3,0.5,1.1,0.2,0,1.8,186.9,32.4,8.2,10.9,75.6,3.8,6,62.7,0.7,1.6,44.4,FW
1694,Alex Sola,13.6,2024-2025,25,es ESP,Getafe,es La Liga,19,1029,11.4,13,6,16,0,0.1,0.1,0,0,0,0,13.6,21.2,64,0.8,1,0.2,0.1,2,190.4,46.3,8.7,10.9,80,3.4,5.2,66.1,0.8,2.5,31,"MF,FW"
1695,Bamba Dieng,13.5,2024-2025,24,sn SEN,Angers,fr Ligue 1,18,532,5.9,5,13,3,0.5,0,0.5,0.3,0.2,0.2,0,13.5,17.4,77.7,0.2,0.3,0.5,0.2,1.2,157.5,23.7,8.8,10.2,86.7,3.4,5.1,66.7,0,0.3,0,FW
1696,Oliver McBurnie,13.5,2024-2025,28,sct SCO,Las Palmas,es La Liga,34,1837,20.4,20,14,4,0.1,0.3,0.4,0.1,0,0,0,13.5,20.5,65.9,1.2,1.1,0.3,0,1.3,166.1,38.2,9.1,12.4,73.1,3.1,5.2,59.4,0.3,0.4,66.7,FW
1697,Sammie Szmodics,13.5,2024-2025,28,ie IRL,Ipswich Town,eng Premier League,20,992,11,13,7,2,0.4,0,0.4,0.4,0,0,0,13.5,18.2,74.1,0.5,1,0.4,0.1,1.7,223,65.7,6.5,7.4,87.8,4.9,5.9,83.1,1.4,2.6,51.7,"FW,MF"
1698,Marshall Munetsi,13.5,2024-2025,28,zw ZIM,2 Teams,2 Comps,33,2770,30.8,31,2,0,0.2,0.1,0.3,0.2,0,0,0,13.5,19.4,69.6,0.9,0.7,0.3,0.1,1.2,183.8,51.6,7.9,10.2,77.1,4.2,5.6,74,0.5,1.2,41.7,"MF,FW"
1699,Elye Wahi,13.4,2024-2025,21,fr FRA,2 Teams,2 Comps,21,770,8.6,8,13,5,0.4,0.1,0.5,0.2,0.1,0.1,0,13.4,17.9,75.2,0.8,1.1,0.4,0.1,1.4,174.7,30,8.8,10.4,84.3,3.4,4,85.3,0.5,0.9,50,FW
1700,Goduine Koyalipou,13.4,2024-2025,24,cf CTA,Lens,fr Ligue 1,15,885,9.8,12,3,3,0.4,0,0.4,0.4,0,0,0,13.4,19.2,69.8,1,0.4,0.6,0,2,188.3,29.1,7.2,9.2,78.9,5,6.3,79,0.4,0.7,57.1,FW
1701,Budu Zivzivadze,13.3,2024-2025,30,ge GEO,Heidenheim,de Bundesliga,15,958,10.6,10,5,0,0.2,0.3,0.5,0.2,0,0,0,13.3,19.3,69.3,1.1,0.7,0.8,0.2,1.9,199.2,41.5,7.5,10.2,73.4,4.6,6.3,73.1,0.8,0.9,80,FW
1702,Duván Zapata,13.3,2024-2025,33,co COL,Torino,it Serie A,7,587,6.5,7,0,0,0.5,0,0.5,0.5,0,0,0,13.3,19.3,69,1.4,0.6,0.6,0.2,1.1,187.5,29.3,8,11.5,69.3,2.8,3.8,72,1.4,1.7,81.8,FW
1703,Matteo Cancellieri,13.3,2024-2025,22,it ITA,Parma,it Serie A,27,1424,15.8,19,8,2,0.2,0,0.2,0.2,0,0,0,13.3,19.8,67.4,0.7,1,0.4,0.3,1.5,186,53.2,7.8,10.4,75.2,4.2,5.6,75,0.6,1.8,32.1,"FW,MF"
1704,Esteban Lepaul,13.3,2024-2025,24,fr FRA,Angers,fr Ligue 1,28,1629,18.1,18,10,4,0.5,0,0.5,0.5,0,0,0,13.3,19.8,67.1,0.4,0.7,0.4,0.1,1.1,194,34.4,6.9,9,76.5,4.5,6.1,74.5,0.8,1.8,43.8,FW
1705,Giovanni Fabbian,13.3,2024-2025,21,it ITA,Bologna,it Serie A,30,1023,11.4,9,21,8,0.3,0.1,0.4,0.3,0,0,0,13.3,18.5,71.9,0.8,1.3,0.4,0.1,1.5,192,32.5,8,10,79.8,4.5,5.6,79.7,0.4,1.3,33.3,MF
1706,Andrea Pinamonti,13.2,2024-2025,25,it ITA,Genoa,it Serie A,36,2850,31.7,33,3,1,0.3,0,0.3,0.3,0,0,0,13.2,21.1,62.8,0.5,0.8,0.3,0.1,1.5,190.2,32.4,7.2,9.9,72.1,4.5,6.9,64.1,0.7,1.2,53.8,FW
1707,Alexander Sørloth,13.2,2024-2025,28,no NOR,Atlético Madrid,es La Liga,35,1566,17.4,15,20,2,1.1,0.1,1.3,1.1,0.1,0.1,0,13.2,20.6,63.8,0.7,1.1,0.6,0.1,1.8,167,34.5,8.2,12.2,66.7,3.6,5.5,66.3,0.3,0.4,71.4,FW
1708,Antoniu,13,2024-2025,21,es ESP,Espanyol,es La Liga,26,1022,11.4,13,13,9,0,0.1,0.1,0,0,0,0,13,19.5,67,0.6,0.9,0.6,0.3,2.5,182.4,56,7.8,9.6,81.7,4.1,5.9,70.1,0.4,1.2,28.6,"FW,MF"
1709,Ibrahim Sissoko,13,2024-2025,28,ml MLI,Saint-Étienne,fr Ligue 1,20,819,9.1,8,12,4,0.3,0.1,0.4,0.2,0.1,0.1,0,13,19.6,66.3,0.8,1,0.1,0,1.3,190.5,22.3,7.8,10.2,76.3,3.7,5.6,66.7,0.9,1.3,66.7,FW
1710,Patson Daka,13,2024-2025,25,zm ZAM,Leicester City,eng Premier League,23,736,8.2,6,17,4,0.1,0,0.1,0.1,0,0,0,13,18,72.1,0.1,0.7,0.1,0,1,180.4,31.4,7.8,9.8,80,4,5.5,73.3,0.4,0.4,100,"FW,MF"
1711,Darwin Núñez,12.9,2024-2025,25,uy URU,Liverpool,eng Premier League,30,1133,12.6,8,22,5,0.4,0.2,0.6,0.4,0,0,0,12.9,18.3,70.9,0.9,0.7,0.2,0.1,2.1,189.8,46.6,7.1,8.8,80.2,3.8,5.2,73.8,1,1.6,65,FW
1712,Vitinha,12.9,2024-2025,24,pt POR,Genoa,it Serie A,25,1328,14.8,16,9,1,0.1,0.2,0.3,0.1,0,0,0,12.9,21.8,59.3,1.1,0.8,0.7,0.5,1.3,195.6,51,7.3,9.6,75.4,4.1,6.6,62.2,1,2.6,39.5,"FW,MF"
1713,Isaac Romero,12.9,2024-2025,24,es ESP,Sevilla,es La Liga,31,2156,24,26,5,1,0.2,0.1,0.3,0.2,0,0,0,12.9,18.4,70.3,0.8,0.8,0.5,0.2,1.2,208.5,29.3,7.2,9.3,77.5,3.8,5.4,70.8,1.3,1.8,72.1,FW
1714,Robert Lewandowski,12.9,2024-2025,35,pl POL,Barcelona,es La Liga,34,2667,29.6,32,2,2,0.9,0.1,1,0.8,0.1,0.1,0,12.9,17.6,73.4,0.6,1,0.3,0,1.6,163.9,30.4,8.2,10,82.2,3.1,4,76.5,0.4,0.9,48.1,FW
1715,Vedat Muriqi,12.9,2024-2025,30,xk KVX,Mallorca,es La Liga,29,2058,22.9,24,5,0,0.3,0.1,0.4,0.2,0.1,0.1,0,12.9,21.3,60.6,1.1,1,0.3,0,1.3,188,38,7.7,10.7,72.1,3.7,6.7,55.2,0.7,1.2,60.7,FW
1716,Georginio Rutter,12.9,2024-2025,22,fr FRA,Brighton,eng Premier League,28,1656,18.4,19,9,0,0.3,0.2,0.4,0.3,0,0,0,12.9,19.3,66.8,1,1.6,0.9,0.1,3.6,181.7,63.8,7.8,10.2,77,4,6,66.7,0.5,0.9,62.5,"MF,FW"
1717,Jann-Fiete Arp,12.9,2024-2025,24,de GER,Holstein Kiel,de Bundesliga,23,713,7.9,3,20,9,0.3,0,0.3,0.1,0.1,0.3,0.1,12.9,22,58.6,1.4,0.9,1.5,0.4,2.7,258.1,95.9,5.4,8.1,67.2,4.5,6.8,66.7,2.7,5.2,51.2,"FW,MF"
1718,Jeff Ekhator,12.9,2024-2025,17,it ITA,Genoa,it Serie A,24,769,8.5,6,18,9,0.1,0.1,0.2,0.1,0,0,0,12.9,19.3,66.7,1.3,0.9,0.5,0,1.6,167,45.3,7.3,9.7,74.7,3.6,5.6,64.6,0.5,0.9,50,"FW,MF"
1719,Umar Sadiq,12.8,2024-2025,27,ng NGA,2 Teams,es La Liga,23,1052,11.7,11,12,13,0.4,0,0.4,0.4,0,0,0,12.8,18.9,67.9,0.6,0.5,0,0,1,177.1,26.1,8.2,11.2,73.3,3.8,5,75.9,0.3,0.6,57.1,FW
1720,Daniel Fila,12.8,2024-2025,21,cz CZE,Venezia,it Serie A,10,492,5.5,6,4,4,0.4,0,0.4,0.4,0,0,0,12.8,16.5,77.8,1.1,0.7,0.5,0,1.5,161.7,25.6,6.6,8.6,76.6,3.3,4.2,78.3,0.7,1.1,66.7,FW
1721,Cameron Archer,12.8,2024-2025,23,eng ENG,Southampton,eng Premier League,35,1441,16,13,22,2,0.1,0,0.1,0.1,0,0.1,0.1,12.8,15.7,81.7,0.3,0.4,0.4,0,0.9,163.1,22.9,8.2,9.4,86.8,3.4,3.7,91.5,0.3,0.6,55.6,FW
1722,Gift Orban,12.8,2024-2025,22,ng NGA,2 Teams,2 Comps,16,873,9.7,9,7,6,0.6,0,0.6,0.6,0,0,0,12.8,18.2,70.1,0.3,0.2,0.3,0.1,0.9,187.1,37.2,6.8,8.7,78.6,3.3,4.3,76.2,1.4,2.3,63.6,"FW,DF"
1723,Nikola Krstovi?,12.8,2024-2025,24,me MNE,Lecce,it Serie A,37,3057,34,37,0,0,0.3,0.1,0.5,0.3,0.1,0.1,0,12.8,19.3,66.4,0.9,1.1,0.4,0,1.6,192.3,39.7,7.1,10,70.8,4.5,6,75.5,0.8,1.4,56.5,FW
1724,Dušan Vlahovi?,12.8,2024-2025,24,rs SRB,Juventus,it Serie A,29,1784,19.8,21,8,3,0.5,0.2,0.7,0.3,0.2,0.2,0,12.8,18.5,69.1,0.8,0.6,0.4,0,1.1,196.5,21.2,7.3,9.2,79.1,4.1,5.9,70.1,1,1.4,70.4,FW
1725,Kevin Schade,12.7,2024-2025,22,de GER,Brentford,eng Premier League,38,2293,25.5,26,12,0,0.4,0.1,0.5,0.4,0,0,0,12.7,21.2,59.7,0.9,1.3,0.4,0.1,1.5,193.5,54.5,7.3,10.4,69.8,4.4,7.1,61.7,0.7,1.7,41.9,FW
1726,Theo Bair,12.7,2024-2025,24,ca CAN,Auxerre,fr Ligue 1,29,939,10.4,11,18,5,0.2,0.1,0.3,0.2,0,0,0,12.7,20.4,62,1,1,0,0,1.5,147.4,34.4,8.1,11.7,68.9,2.7,4.7,57.1,0.3,0.8,37.5,FW
1727,Takuma Asano,12.6,2024-2025,29,jp JPN,Mallorca,es La Liga,21,1054,11.7,13,8,2,0.2,0.1,0.3,0.2,0,0,0,12.6,18.7,67.6,0.5,0.7,0.3,0.2,1.7,176.8,41.4,7.9,9.4,84.5,4.1,5.7,71.6,0.3,1.5,23.5,"FW,MF"
1728,Emmanuel Sabbi,12.5,2024-2025,26,us USA,Le Havre,fr Ligue 1,15,653,7.3,7,8,1,0,0,0,0,0,0,0,12.5,17.6,71.1,0.6,0.7,0.7,0.1,2.1,196.3,56.4,6.1,8.4,72.1,4.5,5.9,76.7,1.1,1.8,61.5,"FW,MF"
1729,Ermedin Demirovi?,12.5,2024-2025,26,ba BIH,Stuttgart,de Bundesliga,34,1855,20.6,20,14,0,0.7,0,0.8,0.7,0,0.1,0.1,12.5,17.8,70.3,0.9,0.7,0.5,0,1.5,144.1,31.3,8.3,10.9,76,3,4.1,73.8,0.1,0.2,40,FW
1730,Toni Martínez,12.5,2024-2025,27,es ESP,Alavés,es La Liga,28,1012,11.2,9,19,8,0.4,0,0.4,0.4,0,0,0,12.5,21.3,58.3,1,1,0.4,0.1,1,149.1,24.9,8.5,11.7,72.7,2.8,6,47.8,0.3,0.9,30,FW
1731,Folarin Balogun,12.4,2024-2025,23,us USA,Monaco,fr Ligue 1,13,615,6.8,7,6,1,0.6,0,0.6,0.6,0,0,0,12.4,18.3,68,0.9,0.7,0.1,0,1.3,140.3,18.4,6.7,8.9,75.4,2.8,4.5,61.3,0.3,0.7,40,FW
1732,Jota Silva,12.4,2024-2025,24,pt POR,Nott'ham Forest,eng Premier League,31,854,9.5,5,26,6,0.3,0.1,0.4,0.3,0,0,0,12.4,20.7,60.2,1.5,0.4,0.9,0.3,1.9,178.3,49.6,7,9.1,76.7,3.9,6.3,61.7,0.6,2,31.6,"FW,MF"
1733,Ibrahima Niane,12.4,2024-2025,25,sn SEN,Angers,fr Ligue 1,24,943,10.5,8,16,1,0.3,0.1,0.4,0.2,0.1,0.1,0,12.4,18.1,68.4,0.9,1.2,0.2,0,0.9,164.2,28.2,7.8,10.3,75.9,2.8,4.2,65.9,0.7,1.1,58.3,FW
1734,Randal Kolo Muani,12.3,2024-2025,25,fr FRA,2 Teams,2 Comps,26,1518,16.9,15,11,4,0.6,0.1,0.7,0.5,0.1,0.1,0,12.3,17.4,70.7,1.3,0.5,0.7,0,1.5,158,27.9,7.3,9.5,76.4,3.5,4.7,73.8,0.2,0.5,50,FW
1735,Hugo Duro,12.3,2024-2025,24,es ESP,Valencia,es La Liga,31,2166,24.1,25,6,2,0.5,0.1,0.5,0.4,0,0,0,12.3,17.8,69.2,0.6,0.7,0.1,0,1.2,170.4,20.4,7.1,9.3,77.1,4,5.5,72.7,0.5,0.9,52.4,FW
1736,Nicolas Jackson,12.3,2024-2025,23,sn SEN,Chelsea,eng Premier League,30,2220,24.7,28,2,1,0.4,0.2,0.6,0.4,0,0,0,12.3,16.2,75.9,1.1,0.9,0.4,0,1.5,165.7,35.8,7.4,9,81.6,3.7,4.8,78,0.4,0.6,60,FW
1737,Michail Antonio,12.3,2024-2025,34,jm JAM,West Ham,eng Premier League,14,836,9.3,11,3,0,0.1,0.1,0.2,0.1,0,0,0,12.3,20.2,60.6,1,1.2,0.6,0.2,1.9,235,45.6,5.6,7.8,72.2,4,6.7,59.7,2.4,3.3,71,FW
1738,Moritz Broschinski,12.1,2024-2025,23,de GER,Bochum,de Bundesliga,33,1390,15.4,15,18,1,0.1,0.2,0.3,0.1,0,0,0,12.1,19.1,63.4,0.8,0.6,0.5,0.3,1.3,181.7,35.9,6.6,8.8,75,4.1,5.8,71.1,0.6,1.3,50,"FW,MF"
1739,Myron Boadu,12,2024-2025,23,nl NED,Bochum,de Bundesliga,19,1042,11.6,11,8,3,0.8,0.1,0.9,0.7,0.1,0.1,0,12,16.8,71.3,1,0.6,0.4,0.1,1.6,203.7,32.4,4.8,7,67.9,6.2,7.6,81.8,0.7,0.8,88.9,FW
1740,Jordan Pefok,11.9,2024-2025,28,us USA,2 Teams,2 Comps,25,1288,14.3,16,9,2,0.1,0.1,0.1,0.1,0,0,0,11.9,16.8,71,1.2,0.8,0.2,0,1.1,143.7,27,7.6,9.8,77.9,2.3,3.5,66,0.5,0.7,70,FW
1741,Artem Dovbyk,11.9,2024-2025,27,ua UKR,Roma,it Serie A,32,2418,26.9,27,5,3,0.4,0.1,0.5,0.4,0.1,0.1,0,11.9,16.1,74.1,0.9,0.6,0.1,0,0.6,130.8,16.1,7.9,10.2,77.1,2.3,3,77.5,0.2,0.2,83.3,FW
1742,Gaetano Oristanio,11.9,2024-2025,21,it ITA,Venezia,it Serie A,37,2315,25.7,29,8,1,0.1,0.1,0.2,0.1,0,0,0,11.9,17.2,69.3,1.3,1.2,0.9,0.3,2.5,193.8,54.3,6.1,7.6,80.1,4.1,5.7,71.4,1.2,1.9,60,"FW,MF"
1743,Casper Tengstedt,11.9,2024-2025,24,dk DEN,Hellas Verona,it Serie A,25,1517,16.9,20,5,4,0.4,0.1,0.4,0.3,0.1,0.1,0,11.9,17.7,67.4,0.7,0.7,0.5,0.1,1.7,170.6,31.3,6.5,8.2,78.4,3.7,5.5,68.5,0.8,1.8,46.7,FW
1744,Joel Pohjanpalo,11.8,2024-2025,29,fi FIN,Venezia,it Serie A,20,1603,17.8,19,1,0,0.3,0,0.3,0.2,0.2,0.2,0.1,11.8,19.7,60.3,0.8,1.4,0.4,0,1.6,168.7,41.4,6.6,9.9,67,3.4,5.8,58.7,0.8,1.6,48.3,FW
1745,Caleb Ekuban,11.7,2024-2025,30,gh GHA,Genoa,it Serie A,18,555,6.2,3,15,0,0.2,0.5,0.6,0.2,0,0,0,11.7,17.4,67.3,1.3,1,0.2,0,1.3,167,29.4,6.3,9.1,69.6,4.4,5.8,75,0.3,1,33.3,FW
1746,Tammy Abraham,11.6,2024-2025,26,eng ENG,2 Teams,it Serie A,29,1184,13.2,12,17,7,0.2,0.3,0.5,0.2,0.1,0.2,0.1,11.6,17,68.3,1.1,1.1,0.8,0,2.1,152,43,7.1,9.5,75.2,3.5,5.7,61.3,0.3,0.5,57.1,FW
1747,Álvaro Rodríguez,11.6,2024-2025,20,uy URU,Getafe,es La Liga,22,852,9.5,7,15,8,0.2,0,0.2,0.2,0,0,0,11.6,25.2,46,0.5,1.6,0.2,0.1,1.4,158,36.3,7.5,12.9,58.2,3.2,7.4,42.9,0.4,1.3,33.3,FW
1748,Álvaro djaló,11.6,2024-2025,24,es ESP,Athletic Club,es La Liga,17,659,7.3,7,10,12,0.1,0,0.1,0.1,0,0,0,11.6,17.5,66.4,0.5,0.8,0.8,0.5,1.8,178,45.8,6.8,8.5,80.6,3.6,6.1,57.8,1.1,1.8,61.5,FW
1749,Junior Adamu,11.5,2024-2025,23,at AUT,Freiburg,de Bundesliga,25,1545,17.2,19,6,5,0.1,0.1,0.2,0.1,0,0,0,11.5,18.2,63.5,1,0.4,0.5,0,0.8,138.4,18.4,7.2,10.5,68.9,2.8,4.1,68.6,0.1,0.3,33.3,FW
1750,Mostafa Mohamed,11.5,2024-2025,26,eg EGY,Nantes,fr Ligue 1,30,1252,13.9,11,19,0,0.4,0,0.4,0.4,0,0,0,11.5,17.8,64.8,0.4,1.2,0.4,0,1.4,176.9,46.5,6.4,9.1,70.1,3.6,4.7,76.9,1,1.6,63.6,FW
1751,Randy Nteka,11.5,2024-2025,26,ao ANG,Rayo Vallecano,es La Liga,24,1129,12.5,16,8,9,0.2,0,0.2,0.2,0,0,0,11.5,17.8,64.6,0.7,0.4,0.2,0,0.6,146.2,18.3,7.5,9.8,76.4,3.1,5.2,60,0.2,0.5,50,FW
1752,Abdón Prats,11.4,2024-2025,31,es ESP,Mallorca,es La Liga,24,456,5.1,3,21,8,0.4,0,0.4,0.2,0.2,0.2,0,11.4,17.2,66.7,0.6,1,0.2,0,1.4,165.2,32.4,6.7,9.1,73.9,3.2,4.7,66.7,0.8,1.2,66.7,"FW,MF"
1753,Matthis Abline,11.4,2024-2025,21,fr FRA,Nantes,fr Ligue 1,34,2768,30.8,33,1,0,0.3,0.1,0.4,0.3,0,0,0,11.4,17.5,65.2,0.9,0.7,0.5,0.1,1.6,167.3,31.7,6,8.3,72.3,3.9,5.2,74.4,0.7,1.2,52.6,FW
1754,Rasmus Højlund,11.3,2024-2025,21,dk DEN,Manchester Utd,eng Premier League,32,2004,22.3,23,9,2,0.2,0,0.2,0.2,0,0,0,11.3,15.1,74.7,0.7,0.6,0.2,0,0.8,123.1,21.8,8.2,10.1,81,1.9,2.8,67.7,0.2,0.3,66.7,FW
1755,Roberto Férnandez,11.2,2024-2025,22,es ESP,Espanyol,es La Liga,19,1497,16.6,18,1,0,0.4,0,0.4,0.4,0,0,0,11.2,15.6,72.2,0.5,0.5,0.4,0,1,133.9,18.7,7.3,8.8,82.9,2.5,3.9,63.1,0.2,0.2,100,FW
1756,André Ayew,11.2,2024-2025,34,gh GHA,Le Havre,fr Ligue 1,27,1453,16.1,15,12,0,0.2,0.1,0.3,0.2,0,0,0,11.2,14.7,76.1,0.5,0.4,0.2,0,1.1,138.2,16.8,7,8.3,84.3,3.3,4.2,79.4,0,0.2,0,FW
1757,Romelu Lukaku,11.2,2024-2025,31,be BEL,Napoli,it Serie A,36,2843,31.6,35,1,0,0.4,0.3,0.8,0.3,0.1,0.1,0,11.2,15.7,71,1.1,0.5,0.3,0,1.1,139.5,20.9,6.8,8.6,79,2.9,4.1,71.9,0.3,0.6,57.9,FW
1758,Richarlison,11.1,2024-2025,27,br BRA,Tottenham,eng Premier League,15,504,5.6,4,11,2,0.7,0.2,0.9,0.7,0,0,0,11.1,18.4,60.2,0.7,1.4,0.7,0.4,2,167.3,50,5.5,8,68.9,3.4,5.7,59.4,1.1,1.6,66.7,FW
1759,Anastasios Douvikas,11,2024-2025,24,gr GRE,2 Teams,2 Comps,33,1280,14.2,12,21,3,0.4,0.2,0.6,0.4,0,0,0,11,15,73.7,0.8,0.6,0.1,0,0.8,146.1,20.9,6.7,8.2,81.9,3.2,4,78.9,0.5,0.6,77.8,FW
1760,George Ilenikhena,10.9,2024-2025,17,ng NGA,Monaco,fr Ligue 1,23,717,8,6,17,5,0.4,0.3,0.6,0.4,0,0,0,10.9,15.2,71.9,1.1,0.4,0.4,0,1.3,140.2,24.1,7.2,9.8,73.1,2.6,2.8,95.5,0.4,0.4,100,FW
1761,Mika Biereth,10.9,2024-2025,21,dk DEN,Monaco,fr Ligue 1,16,1228,13.6,16,0,1,1,0.1,1.1,0.9,0.1,0.1,0.1,10.9,17.7,61.8,1.6,0.8,1.2,0.1,1.8,151.1,39,6.2,9.6,64.9,3.5,5,70.6,0.5,0.6,87.5,FW
1762,Cyle Larin,10.9,2024-2025,29,ca CAN,Mallorca,es La Liga,32,1764,19.6,21,11,4,0.4,0.1,0.5,0.3,0.1,0.1,0,10.9,16.2,67.5,0.4,0.6,0.2,0,1,135.5,20.4,7.1,9.2,76.8,2.7,4.3,62.4,0.3,0.5,66.7,FW
1763,Mateo Pellegrino,10.9,2024-2025,23,ar ARG,Parma,it Serie A,13,737,8.2,8,5,2,0.4,0.1,0.5,0.4,0,0,0,10.9,20,54.3,0.6,1.3,0.7,0.1,1.8,185.6,51.7,5.6,8.8,63.9,3.1,6.1,50,1.6,2.4,65,FW
1764,Samuel Essende,10.7,2024-2025,26,cd COD,Augsburg,de Bundesliga,30,1636,18.2,21,9,1,0.4,0.1,0.5,0.4,0,0,0,10.7,16.6,64.8,0.6,0.6,0.3,0.1,1.2,139,23.7,6.3,8.5,74,3.2,4.9,65.2,0.3,0.4,62.5,FW
1765,Emanuel Emegha,10.7,2024-2025,21,nl NED,Strasbourg,fr Ligue 1,27,2293,25.5,27,0,0,0.5,0.1,0.7,0.5,0,0,0,10.7,13.3,80.3,0.7,0.2,0.2,0,0.5,132.4,13.6,6.8,8.4,81.3,2.8,3.1,91,0.2,0.3,71.4,FW
1766,Cédric Bakambu,10.6,2024-2025,33,cd COD,Betis,es La Liga,25,710,7.9,6,19,7,0.3,0.3,0.5,0.3,0,0,0,10.6,16,66.7,1,1.1,0.6,0,1.8,122.6,27.6,7.6,9.9,76.9,1.9,3.5,53.6,0.3,0.5,50,FW
1767,Ollie Watkins,10.6,2024-2025,28,eng ENG,Aston Villa,eng Premier League,38,2598,28.9,31,7,0,0.6,0.3,0.8,0.5,0.1,0.1,0,10.6,14.7,72.4,0.8,0.4,0.5,0,1.1,135.6,22.7,6.7,8.5,78,2.9,3.8,77.3,0.3,0.5,69.2,FW
1768,Santiago Giménez,10.6,2024-2025,23,mx MEX,Milan,it Serie A,14,669,7.4,7,7,0,0.7,0.3,0.9,0.7,0,0.1,0.1,10.6,13.2,80.6,0.8,0.7,0.3,0.1,0.8,129.4,22.7,6.3,7.4,85.5,3,3.8,78.6,0,0.1,0,FW
1769,Frank Magri,10.6,2024-2025,24,cm CMR,Toulouse,fr Ligue 1,31,1516,16.8,17,14,0,0.3,0.1,0.4,0.3,0,0,0,10.6,14.9,70.9,0.5,0.9,0.4,0.1,1.5,140.2,26,6.1,7.9,77.4,3.3,4.2,77.5,0.3,0.8,38.5,"FW,MF"
1770,Andrej Ilic,10.6,2024-2025,24,rs SRB,2 Teams,2 Comps,16,937,10.4,11,5,2,0.7,0,0.7,0.6,0.1,0.1,0,10.6,18.3,57.6,0.6,1.5,0,0,1.2,117.5,30.2,6.9,10,69.2,2.3,5,46.2,0.1,0.5,20,FW
1771,Dani Gómez,10.5,2024-2025,26,es ESP,Valencia,es La Liga,14,532,5.9,5,9,7,0.3,0,0.3,0.3,0,0,0,10.5,14,74.7,0.2,0.5,0.3,0,1,125.4,20.3,7.4,8.5,88,2.5,3.9,65.2,0,0,,FW
1772,Zakaria Aboukhlal,10.5,2024-2025,24,ma MAR,Toulouse,fr Ligue 1,26,1901,21.1,22,4,0,0.3,0.1,0.4,0.3,0,0.1,0,10.5,16.5,63.3,0.6,0.8,0.5,0.2,1,132,35.6,6.9,9.1,75.1,2.7,4.5,59.6,0.3,0.7,40,"MF,FW"
1773,Marcos André,10.5,2024-2025,27,br BRA,Valladolid,es La Liga,22,1188,13.2,14,8,13,0.1,0.2,0.2,0.1,0,0,0,10.5,15.9,65.7,0.7,1,0.2,0,1.2,178.6,29.9,6,7.8,76.7,3.2,4.9,64.6,1.1,1.4,77.8,FW
1774,Dominic Solanke,10.4,2024-2025,26,eng ENG,Tottenham,eng Premier League,27,2201,24.5,25,2,1,0.4,0.1,0.5,0.3,0,0,0,10.4,14.8,70.6,0.6,1.1,0.4,0,1.9,140.2,38.6,6.3,8.4,75.1,2.8,3.6,78.2,0.5,0.7,66.7,FW
1775,Christian Gytkjær,10.4,2024-2025,34,dk DEN,Venezia,it Serie A,29,754,8.4,6,23,9,0.2,0.1,0.4,0.1,0.1,0.1,0,10.4,18.7,55.4,0.8,0.6,0.4,0,0.6,125.8,20.5,7,11.6,60.8,2.3,3.8,59.4,0.5,0.8,57.1,FW
1776,Walid Cheddira,10.4,2024-2025,26,ma MAR,2 Teams,2 Comps,23,652,7.2,5,18,13,0.1,0.1,0.3,0.1,0,0,0,10.4,14.6,70.8,1,0.6,0.1,0,1.8,142,36.2,5.7,7.5,75.9,3.6,4.4,81.3,0.3,0.7,40,FW
1777,Vitor Roque,10.3,2024-2025,19,br BRA,Betis,es La Liga,22,1235,13.7,14,8,0,0.3,0,0.3,0.3,0,0,0,10.3,14.2,72.8,0.9,0.3,0.7,0.2,1.2,144.7,32.9,5.3,7,76,3.6,4.4,80.3,0.4,0.6,75,FW
1778,Jørgen Strand Larsen,10.3,2024-2025,24,no NOR,Wolves,eng Premier League,35,2587,28.7,30,5,0,0.5,0.1,0.6,0.5,0,0,0,10.3,15.9,64.6,0.7,0.7,0.1,0,1,132.8,24.2,6.3,8.8,71.7,2.5,3.9,65.2,0.5,0.7,70,FW
1779,Mohamed Meité,10.3,2024-2025,16,fr FRA,Rennes,fr Ligue 1,12,544,6,5,7,4,0.3,0,0.3,0.3,0,0,0,10.3,15.6,66,0.8,0.5,0.5,0,1,129.2,30.4,6,8.4,70.6,2,3.5,57.1,0.8,1,83.3,FW
1780,Zito Luvumbo,10.1,2024-2025,22,ao ANG,Cagliari,it Serie A,26,1606,17.8,19,7,2,0.1,0.1,0.2,0.1,0,0,0,10.1,16.9,59.9,1,0.9,0.7,0.4,1.7,155.1,48.4,5.8,7.7,75.4,3.3,5.8,56.7,0.7,1.6,42.9,"FW,MF"
1781,Dominic Calvert-Lewin,10.1,2024-2025,27,eng ENG,Everton,eng Premier League,26,1609,17.9,19,7,0,0.2,0.1,0.2,0.2,0,0,0,10.1,16.2,62.6,0.4,1.1,0.3,0.1,1.1,118.2,27.9,7.3,10.5,69.5,2.1,3.5,58.7,0.2,0.4,37.5,FW
1782,Mamadou Sylla,10.1,2024-2025,30,sn SEN,Valladolid,es La Liga,29,1583,17.6,17,12,6,0.3,0.1,0.3,0.1,0.2,0.2,0,10.1,16,62.8,0.8,0.7,0.3,0,1.3,152.1,23.9,5.9,8,73.6,3.4,5.3,63.4,0.5,0.8,64.3,"FW,MF"
1783,Orri Steinn Óskarsson,9.9,2024-2025,19,is ISL,Real Sociedad,es La Liga,23,944,10.5,9,14,2,0.3,0,0.3,0.3,0,0,0,9.9,18.8,52.8,0.5,0.4,0.3,0.1,0.9,110.4,17,6.9,10.8,63.7,2.1,3.6,57.9,0,0.6,0,FW
1784,Juanmi Latasa,9.9,2024-2025,23,es ESP,Valladolid,es La Liga,28,1398,15.5,14,14,3,0.2,0,0.2,0.2,0,0,0,9.9,16.7,59.2,0.8,0.7,0.3,0.1,1.1,148.8,27,5.7,8.3,69,2.8,5.3,51.8,0.7,1.2,57.9,FW
1785,Jean-Philippe Mateta,9.9,2024-2025,27,fr FRA,Crystal Palace,eng Premier League,37,2648,29.4,33,4,0,0.5,0.1,0.5,0.4,0.1,0.1,0,9.9,15.2,65.1,1,1.2,0.5,0.1,1.8,130.8,34.5,6,7.9,75.9,2.8,4.4,63.8,0.2,0.8,30.4,FW
1786,Roberto Piccoli,9.9,2024-2025,23,it ITA,Cagliari,it Serie A,37,3127,34.7,37,0,0,0.3,0,0.3,0.3,0,0,0,9.9,14.9,66.3,0.4,0.9,0.2,0,1.1,135.3,23.7,6,8.2,72.6,3.3,4.4,75.7,0.2,0.4,53.3,FW
1787,Akor Adams,9.8,2024-2025,24,ng NGA,2 Teams,2 Comps,19,1209,13.4,14,5,1,0.2,0.1,0.3,0.2,0,0,0,9.8,15.3,64.1,0.9,0.8,0.1,0,0.8,139.5,18.3,6,8.4,71.7,2.9,4.3,67.2,0.4,1.1,40,FW
1788,Alejo Véliz,9.7,2024-2025,20,ar ARG,Espanyol,es La Liga,27,1127,12.5,10,17,11,0.1,0,0.1,0.1,0,0,0,9.7,14.9,65.2,0.2,0.7,0,0,0.6,128.4,14.5,6.3,8.5,74.5,2.2,3.7,60.9,0.6,1,66.7,FW
1789,Milan ?uri?,9.7,2024-2025,34,ba BIH,2 Teams,it Serie A,27,1538,17.1,16,11,3,0.3,0.1,0.4,0.3,0,0,0,9.7,20.5,47.4,0.3,1.1,0.3,0,1.6,114.3,34.9,6,11.8,50.5,2.2,5.3,41.8,0.2,0.4,66.7,FW
1790,Chris Wood,9.6,2024-2025,32,nz NZL,Nott'ham Forest,eng Premier League,36,2959,32.9,35,1,0,0.6,0.1,0.7,0.5,0.1,0.1,0,9.6,14.9,64.3,0.7,0.6,0.4,0,1.3,134.9,31,5.7,8.3,68.4,2.7,4.1,65.7,0.6,0.8,73.1,FW
1791,Evanilson,9.5,2024-2025,24,br BRA,Bournemouth,eng Premier League,31,2319,25.8,28,3,1,0.4,0,0.4,0.4,0,0,0,9.5,13.3,71.3,1,0.5,0.2,0,1.1,117.9,24.1,6,7.8,76.2,2.1,2.8,75,0.4,0.6,68.8,FW
1792,Chuba Akpom,9.4,2024-2025,28,eng ENG,Lille,fr Ligue 1,14,639,7.1,6,8,0,0.4,0.1,0.6,0.3,0.1,0.3,0.1,9.4,13.9,67.7,0.7,0.1,0.6,0,1,115.8,19.4,6.2,7.6,81.5,1.7,3,57.1,0.4,0.6,75,FW
1793,George Hirst,9.4,2024-2025,25,sct SCO,Ipswich Town,eng Premier League,26,661,7.3,5,21,0,0.4,0.1,0.5,0.4,0,0,0,9.4,16.6,56.6,0.5,0.1,0.5,0,1.8,106.9,25.6,6.7,9.8,68.1,1.8,3.5,50,0.1,0.4,33.3,FW
1794,Dailon Livramento,9.3,2024-2025,23,cv CPV,Hellas Verona,it Serie A,29,940,10.4,8,21,7,0.1,0.1,0.2,0.1,0,0,0,9.3,17.2,53.9,0.8,0.9,0.3,0.1,1.2,127.3,27,5.5,8.6,63.3,2.6,4.2,61.4,0.4,1.1,36.4,"FW,MF"
1795,Lorenzo Lucca,9.2,2024-2025,23,it ITA,Udinese,it Serie A,33,2353,26.1,27,6,0,0.5,0,0.5,0.4,0,0,0,9.2,14.3,64,0.5,0.7,0,0,0.7,144.3,15.5,4.3,7,61.5,3.4,4.5,76.1,0.8,1,74.1,FW
1796,Beto,9.2,2024-2025,26,gw GNB,Everton,eng Premier League,30,1534,17,15,15,8,0.5,0,0.5,0.5,0,0,0,9.2,15.7,58.2,0.7,0.4,0.5,0.1,0.9,120.9,16.5,5.4,8,67.2,2.6,4.9,53,0.4,0.5,77.8,FW
1797,Diego,9.1,2024-2025,24,es ESP,Leganés,es La Liga,28,1195,13.3,13,15,6,0.2,0,0.2,0.2,0,0,0,9.1,14.5,63,0.5,0.6,0.2,0.1,1.2,126.5,24.3,4.7,6.7,69.7,3.2,5.1,61.8,0.5,0.9,50,FW
1798,Cristhian Stuani,8.9,2024-2025,37,uy URU,Girona,es La Liga,32,1078,12,6,26,6,0.9,0.2,1.1,0.7,0.3,0.3,0,8.9,12.9,69.5,0.5,0.1,0.3,0,0.8,121.1,13.4,5.7,7.1,80,2.7,4.2,64,0.3,0.7,37.5,FW
1799,Bojan Miovski,8.9,2024-2025,25,mk MKD,Girona,es La Liga,17,869,9.7,12,5,13,0.2,0.1,0.3,0.2,0,0,0,8.9,11.7,76.1,0.4,0.2,0.1,0.1,0.4,130.5,11,5.1,6,84.5,3.4,4.3,78.6,0.3,0.3,100,FW
1800,Phil Harres,8.7,2024-2025,22,de GER,Holstein Kiel,de Bundesliga,26,1544,17.2,17,9,1,0.5,0.1,0.5,0.5,0,0,0,8.7,15.4,56.6,0.6,1,0.2,0.1,0.9,143.4,28.1,4.6,7.3,62.7,2.8,5,55.8,0.9,1.3,69.6,FW
