Rk,Player,xG/90,Season,Age,Nation,Team,Comp,MP,Min,90s,Starts,Subs,unSub,Gls,Ast,G+A,G-PK,PK,PKatt,PKm,xG/90,npxG,xAG,xG+xAG,xA,npxG+xAG,G-xG,np:G-xG,A-xAG,npxG/Sh,Sh,G/Sh,G/SoT,SoT,SoT%,Dist,FK,Pos
1201,Francisco Perez,0,2024-2025,21,es ESP,Valencia,es La Liga,26,570,6.3,4,22,5,0,0,0,0,0,0,0,0,0,0.4,0.5,0.2,0.5,0,0,-0.4,0.05,0.9,0,0,0.2,16.7,18.3,0,"FW,MF"
1202,Iglesias,0,2024-2025,26,es ESP,Getafe,es La Liga,37,2888,32.1,32,5,1,0,0,0,0,0,0,0,0,0,0.1,0.1,0.1,0.1,0,0,0,0.08,0.7,0,0,0.1,14.3,25.7,0,DF
1203,Caleb Okoli,0,2024-2025,23,it ITA,Leicester City,eng Premier League,19,1125,12.5,12,7,18,0.1,0,0.1,0.1,0,0,0,0,0,0,0,0,0,0,0,0,0.15,0.3,0.25,0.5,0.2,50,13.5,0,DF
1204,Miloš Veljkovi?,0,2024-2025,28,rs SRB,Werder Bremen,de Bundesliga,14,1029,11.4,11,3,4,0,0.1,0.1,0,0,0,0,0,0,0,0.1,0,0.1,0,0,0.1,0.28,0.2,0,0,0.1,50,2.1,0,DF
1205,Valentín Barco,0,2024-2025,20,ar ARG,3 Teams,3 Comps,21,1445,16.1,17,4,8,0,0.1,0.1,0,0,0,0,0,0,0.1,0.2,0.1,0.2,0,0,0,0.05,1.1,0,0,0.1,5.9,24.9,0.2,"DF,MF"
1206,Wout Faes,0,2024-2025,26,be BEL,Leicester City,eng Premier League,34,2815,31.3,30,4,1,0,0,0,0,0,0,0,0,0,0,0.1,0,0.1,0,0,0,0.13,0.4,0.08,1,0,8.3,9.7,0,DF
1207,Frank Onyeka,0,2024-2025,26,ng NGA,2 Teams,2 Comps,33,2611,29,30,3,0,0,0,0,0,0,0,0,0,0,0,0.1,0.1,0.1,0,0,0,0.06,0.8,0,0,0.2,25,20.3,0,MF
1208,Emmanuel Biumla,0,2024-2025,19,fr FRA,Angers,fr Ligue 1,17,1336,14.8,15,2,4,0.1,0,0.1,0.1,0,0,0,0,0,0,0.1,0,0.1,0,0,0,0.18,0.3,0.25,0.5,0.1,50,13.7,0,DF
1209,Carlos Benavídez,0,2024-2025,26,uy URU,Alavés,es La Liga,18,487,5.4,6,12,12,0.2,0.2,0.4,0.2,0,0,0,0,0,0.1,0.2,0.1,0.2,0.1,0.1,0.1,0.05,0.9,0.2,0.5,0.4,40,21.4,0,MF
1210,Alex Král,0,2024-2025,26,cz CZE,Espanyol,es La Liga,37,2714,30.2,29,8,0,0,0,0,0,0,0,0,0,0,0.1,0.1,0.1,0.1,0,0,0,0.07,0.7,0,0,0.1,9.5,16,0,MF
1211,Saidou Sow,0,2024-2025,22,gn GUI,2 Teams,fr Ligue 1,21,1817,20.2,20,1,5,0,0,0.1,0,0,0,0,0,0,0,0.1,0,0.1,0,0,0,0.11,0.4,0.11,0.33,0.1,33.3,9.8,0,DF
1212,Jakov Medi?,0,2024-2025,25,hr CRO,Bochum,de Bundesliga,23,1603,17.8,17,6,10,0.1,0,0.1,0.1,0,0,0,0,0,0,0.1,0,0.1,0,0,0,0.06,0.8,0.07,0.33,0.2,21.4,14.6,0,DF
1213,Diogo Leite,0,2024-2025,25,pt POR,Union Berlin,de Bundesliga,30,2546,28.3,29,1,0,0,0.1,0.1,0,0,0,0,0,0,0,0.1,0.1,0.1,0,0,0,0.08,0.6,0.06,0.13,0.3,44.4,13.8,0,DF
1214,Alfonso Espino,0,2024-2025,32,uy URU,Rayo Vallecano,es La Liga,16,833,9.3,9,7,13,0,0.1,0.1,0,0,0,0,0,0,0.1,0.1,0.1,0.1,0,0,0,0.04,1.1,0,0,0.2,20,25.1,0,DF
1215,Stefan Bell,0,2024-2025,32,de GER,Mainz 05,de Bundesliga,18,1436,16,15,3,5,0,0.1,0.1,0,0,0,0,0,0,0.1,0.1,0,0.1,0,0,0,0.06,0.8,0,0,0.2,25,11.3,0,DF
1216,Nicola Zalewski,0,2024-2025,22,pl POL,2 Teams,it Serie A,23,968,10.8,8,15,8,0.1,0.1,0.2,0.1,0,0,0,0,0,0.2,0.3,0.2,0.3,0,0,-0.1,0.05,0.9,0.1,0.33,0.3,30,21.7,0,"DF,FW"
1217,Lilian Raolisoa,0,2024-2025,24,fr FRA,Angers,fr Ligue 1,29,1318,14.6,14,15,1,0,0.2,0.2,0,0,0,0,0,0,0.1,0.2,0.1,0.2,0,0,0.1,0.05,1,0,0,0.1,7.1,23.2,0.1,"DF,FW"
1218,Óscar Mingueza,0,2024-2025,25,es ESP,Celta Vigo,es La Liga,34,2729,30.3,31,3,0,0.1,0.2,0.3,0.1,0,0,0,0,0,0.2,0.2,0.2,0.2,0.1,0.1,0,0.04,1.1,0.12,0.4,0.3,30.3,23.3,0.3,"MF,DF"
1219,Rani Khedira,0,2024-2025,30,de GER,Union Berlin,de Bundesliga,32,2723,30.3,31,1,1,0,0,0.1,0,0,0,0,0,0,0,0.1,0,0.1,0,0,0,0.1,0.5,0.07,1,0,7.1,18.7,0,MF
1220,Thomas Kristensen,0,2024-2025,22,dk DEN,Udinese,it Serie A,24,1754,19.5,19,5,4,0.1,0,0.1,0.1,0,0,0,0,0,0,0.1,0,0.1,0,0,0,0.23,0.2,0.25,1,0.1,25,11,0,DF
1221,Gianluca Mancini,0,2024-2025,28,it ITA,Roma,it Serie A,37,3143,34.9,36,1,0,0.1,0,0.1,0.1,0,0,0,0,0,0,0.1,0,0.1,0,0,0,0.08,0.6,0.09,0.4,0.1,22.7,12.3,0,DF
1222,Nnamdi Collins,0,2024-2025,20,de GER,Eint Frankfurt,de Bundesliga,24,1489,16.5,15,9,7,0.1,0.1,0.1,0.1,0,0,0,0,0,0.1,0.1,0.1,0.1,0,0,0,0.16,0.3,0.2,0.5,0.1,40,15.1,0,DF
1223,Gaetano Castrovilli,0,2024-2025,27,it ITA,2 Teams,it Serie A,21,744,8.3,8,13,13,0,0,0,0,0,0,0,0,0,0.1,0.2,0.1,0.2,0,0,-0.1,0.05,1,0,,0,0,18,0.1,MF
1224,Ismaël Koné,0,2024-2025,22,ca CAN,2 Teams,fr Ligue 1,21,829,9.2,7,14,7,0.2,0.1,0.3,0.2,0,0,0,0,0,0.2,0.2,0.2,0.2,0.2,0.2,-0.1,0.04,1.1,0.2,0.67,0.3,30,24,0,"MF,FW"
1225,Youssouf Fofana,0,2024-2025,25,fr FRA,Milan,it Serie A,35,2504,27.8,29,6,0,0,0.2,0.3,0,0,0,0,0,0,0.1,0.2,0.1,0.2,0,0,0.1,0.04,1.3,0.03,0.2,0.2,13.9,26.2,0,MF
1226,Kialonda,0,2024-2025,26,ao ANG,Lecce,it Serie A,24,2144,23.8,24,0,5,0,0,0,0,0,0,0,0,0,0,0.1,0,0.1,0,0,0,0.07,0.7,0,,0,0,10.7,0,DF
1227,Abner,0,2024-2025,24,br BRA,Lyon,fr Ligue 1,19,1090,12.1,12,7,13,0.1,0.1,0.2,0.1,0,0,0,0,0,0.1,0.1,0.2,0.1,0,0,0,0.08,0.6,0.14,0.33,0.2,42.9,17.7,0,DF
1228,Julián Malatini,0,2024-2025,23,ar ARG,Werder Bremen,de Bundesliga,10,454,5,5,5,21,0.2,0.2,0.4,0.2,0,0,0,0,0,0.1,0.1,0.1,0.1,0.2,0.2,0.1,0.08,0.6,0.33,1,0.2,33.3,7.3,0,DF
1229,Lesley Ugochukwu,0,2024-2025,20,fr FRA,Southampton,eng Premier League,26,1655,18.4,18,8,6,0.1,0.1,0.1,0.1,0,0,0,0,0,0.1,0.1,0,0.1,0,0,0,0.09,0.5,0.1,1,0.1,10,17,0,MF
1230,Eric Bailly,0,2024-2025,30,ci CIV,Villarreal,es La Liga,12,617,6.9,8,4,20,0,0,0,0,0,0,0,0,0,0,0,0,0,0,0,0,0.08,0.6,0,,0,0,7.8,0,DF
1231,Mathis Amougou,0,2024-2025,18,fr FRA,2 Teams,2 Comps,18,867,9.6,9,9,4,0,0,0,0,0,0,0,0,0,0,0.1,0,0.1,0,0,0,0.06,0.7,0,0,0.1,14.3,18.9,0,MF
1232,Souleymane Touré,0,2024-2025,21,fr FRA,Udinese,it Serie A,12,733,8.1,11,1,5,0.1,0,0.1,0.1,0,0,0,0,0,0,0.1,0,0.1,0.1,0.1,0,0.09,0.5,0.25,0.5,0.2,50,7,0,DF
1233,Jean-Kevin Duverne,0,2024-2025,27,ht HAI,Nantes,fr Ligue 1,9,537,6,7,2,6,0,0,0,0,0,0,0,0,0,0,0.1,0,0.1,0,0,0,0.07,0.7,0,,0,0,17,0,DF
1234,Morten Frendrup,0,2024-2025,23,dk DEN,Genoa,it Serie A,35,3103,34.5,35,0,1,0.1,0,0.1,0.1,0,0,0,0,0,0,0.1,0,0.1,0,0,0,0.05,0.9,0.07,0.22,0.3,30,21.9,0,MF
1235,Emmanuel Agbadou,0,2024-2025,27,ci CIV,2 Teams,2 Comps,30,2670,29.7,30,0,0,0,0,0,0,0,0,0,0,0,0,0.1,0,0.1,0,0,0,0.06,0.7,0.05,0.2,0.2,22.7,28.4,0.1,DF
1236,Cheikh Niasse,0,2024-2025,24,sn SEN,Hellas Verona,it Serie A,11,755,8.4,8,3,2,0,0,0,0,0,0,0,0,0,0,0.1,0,0.1,0,0,0,0.13,0.4,0,0,0.1,33.3,21.8,0,MF
1237,Mikayil Ngor Faye,0,2024-2025,20,sn SEN,Rennes,fr Ligue 1,11,688,7.6,7,4,11,0,0,0,0,0,0,0,0,0,0,0,0,0,0,0,0,0.06,0.8,0,0,0.4,50,16.6,0,DF
1238,Will Hughes,0,2024-2025,29,eng ENG,Crystal Palace,eng Premier League,33,2108,23.4,24,9,0,0,0.1,0.1,0,0,0,0,0,0,0.1,0.2,0.1,0.2,0,0,0,0.05,0.9,0,0,0,4.5,22.3,0,MF
1239,Kevin Kampl,0,2024-2025,33,si SVN,RB Leipzig,de Bundesliga,26,1593,17.7,18,8,2,0.1,0,0.1,0.1,0,0,0,0,0,0.1,0.1,0.2,0.1,0,0,-0.1,0.12,0.4,0.14,0.5,0.1,28.6,18,0,MF
1240,Mats Hummels,0,2024-2025,35,de GER,Roma,it Serie A,14,915,10.2,11,3,19,0,0,0,0,0,0,0,0,0,0,0.1,0,0.1,0,0,0,0.06,0.8,0,0,0.1,12.5,15.3,0,DF
1241,James Justin,0,2024-2025,26,eng ENG,Leicester City,eng Premier League,36,2912,32.4,34,2,1,0.1,0.1,0.1,0.1,0,0,0,0,0,0,0.1,0,0.1,0,0,0,0.06,0.8,0.08,0.33,0.2,24,16.2,0.1,DF
1242,Benjamin André,0,2024-2025,33,fr FRA,Lille,fr Ligue 1,30,2692,29.9,30,0,0,0,0.1,0.1,0,0,0,0,0,0,0.1,0.1,0.1,0.1,0,0,0,0.09,0.5,0,0,0.1,25,15.6,0,MF
1243,Niklas Stark,0,2024-2025,29,de GER,Werder Bremen,de Bundesliga,26,2106,23.4,25,1,1,0,0,0,0,0,0,0,0,0,0,0,0,0,0,0,0,0.09,0.5,0,0,0.1,25,15.9,0,DF
1244,Jackson Tchatchoua,0,2024-2025,22,cm CMR,Hellas Verona,it Serie A,36,3167,35.2,36,0,0,0.1,0.1,0.1,0.1,0,0,0,0,0,0.1,0.1,0.1,0.1,0,0,0,0.09,0.5,0.11,0.67,0.1,16.7,20.2,0,"DF,MF"
1245,Craig Dawson,0,2024-2025,34,eng ENG,Wolves,eng Premier League,15,971,10.8,10,5,6,0,0,0,0,0,0,0,0,0,0,0,0,0,0,0,0,0.1,0.5,0,0,0.1,20,8.5,0,DF
1246,Jurriën Timber,0,2024-2025,23,nl NED,Arsenal,eng Premier League,30,2417,26.9,27,3,2,0,0.1,0.1,0,0,0,0,0,0,0,0.1,0,0.1,0,0,0.1,0.09,0.5,0.07,0.25,0.1,28.6,14.1,0,DF
1247,Santiago Mouriño,0,2024-2025,22,uy URU,Alavés,es La Liga,25,1849,20.5,20,5,7,0,0,0,0,0,0,0,0,0,0,0.1,0,0.1,0,0,0,0.07,0.6,0,0,0.1,23.1,15.5,0,DF
1248,John Joe,0,2024-2025,20,ie IRL,2 Teams,2 Comps,17,593,6.6,5,12,9,0,0,0,0,0,0,0,0,0,0,0,0,0,0,0,0,0.03,1.5,0,0,0.2,10,23.6,0,"MF,FW"
1249,Emil Holm,0,2024-2025,24,se SWE,Bologna,it Serie A,21,1137,12.6,12,9,9,0.1,0.1,0.2,0.1,0,0,0,0,0,0.1,0.1,0.1,0.1,0,0,0,0.06,0.8,0.1,0.33,0.2,30,18.8,0,DF
1250,Yassin Belkhdim,0,2024-2025,22,fr FRA,Angers,fr Ligue 1,29,1523,16.9,16,13,4,0.1,0.1,0.1,0.1,0,0,0,0,0,0,0.1,0,0.1,0,0,0,0.09,0.5,0.11,0.2,0.3,55.6,17.3,0,MF
1251,Benjamin Henrichs,0,2024-2025,27,de GER,RB Leipzig,de Bundesliga,15,935,10.4,10,5,0,0,0.2,0.2,0,0,0,0,0,0,0.1,0.2,0.2,0.2,0,0,0.1,0.04,1.1,0,0,0.1,9.1,22.1,0.1,DF
1252,Eric Smith,0,2024-2025,27,se SWE,St. Pauli,de Bundesliga,32,2827,31.4,32,0,0,0,0,0.1,0,0,0,0,0,0,0,0.1,0.1,0.1,0,0,0,0.06,0.8,0.04,0.11,0.3,37.5,25,0.4,"DF,MF"
1253,Nahuel Molina,0,2024-2025,26,ar ARG,Atlético Madrid,es La Liga,30,1590,17.7,17,13,6,0,0.2,0.2,0,0,0,0,0,0,0.1,0.1,0.1,0.1,0,0,0.1,0.09,0.5,0,0,0.1,11.1,19.4,0,DF
1254,Sergi,0,2024-2025,32,es ESP,Leganés,es La Liga,36,2957,32.9,33,3,1,0.1,0,0.1,0.1,0,0,0,0,0,0,0.1,0,0.1,0,0,0,0.11,0.4,0.15,0.4,0.2,38.5,10,0,DF
1255,Matteo Gabbia,0,2024-2025,24,it ITA,Milan,it Serie A,26,2152,23.9,24,2,8,0.1,0,0.1,0.1,0,0,0,0,0,0,0.1,0,0.1,0,0,0,0.08,0.6,0.14,0.5,0.2,28.6,11.3,0,DF
1256,Maximilian Wittek,0,2024-2025,28,de GER,Bochum,de Bundesliga,33,2706,30.1,32,1,0,0,0,0,0,0,0,0,0,0,0.1,0.2,0.2,0.2,0,0,-0.1,0.03,1.4,0,0,0.2,17.1,26.4,0.2,DF
1257,Álvaro Tejero,0,2024-2025,28,es ESP,Espanyol,es La Liga,28,1238,13.8,13,15,9,0.1,0.3,0.4,0.1,0,0,0,0,0,0.2,0.3,0.3,0.3,0,0,0.1,0.04,1.2,0.06,0.25,0.3,23.5,26.1,0.4,"MF,DF"
1258,Kingsley Ehizibue,0,2024-2025,29,nl NED,Udinese,it Serie A,33,2498,27.8,30,3,1,0,0,0,0,0,0,0,0,0,0.1,0.1,0.1,0.1,0,0,0,0.09,0.5,0,0,0.1,28.6,15.9,0,DF
1259,Jhoanner Chávez,0,2024-2025,22,ec ECU,Lens,fr Ligue 1,10,596,6.6,7,3,5,0.2,0,0.2,0.2,0,0,0,0,0,0.1,0.2,0.2,0.2,0.1,0.1,-0.1,0.06,0.8,0.2,0.33,0.5,60,16.4,0,"DF,MF"
1260,Frans Krätzig,0,2024-2025,21,de GER,2 Teams,de Bundesliga,17,1273,14.1,16,1,5,0.1,0.1,0.2,0.1,0,0,0,0,0,0.1,0.2,0.1,0.2,0,0,0,0.07,0.6,0.11,0.33,0.2,33.3,17.4,0,"DF,MF"
1261,Danilo D'Ambrosio,0,2024-2025,35,it ITA,Monza,it Serie A,20,1095,12.2,12,8,6,0,0.1,0.1,0,0,0,0,0,0,0,0.1,0,0.1,0,0,0,0.06,0.7,0,0,0.3,44.4,18,0.1,DF
1262,Jake O'Brien,0,2024-2025,23,ie IRL,Everton,eng Premier League,20,1571,17.5,17,3,17,0.1,0,0.1,0.1,0,0,0,0,0,0,0.1,0,0.1,0.1,0.1,0,0.13,0.3,0.33,0.67,0.2,50,11.1,0,DF
1263,Saša Luki?,0,2024-2025,27,rs SRB,Fulham,eng Premier League,30,2344,26,28,2,0,0,0.1,0.1,0,0,0,0,0,0,0.1,0.2,0.1,0.2,0,0,0,0.06,0.7,0,0,0.1,11.1,20.2,0,MF
1264,Eray Cömert,0,2024-2025,26,ch SUI,Valladolid,es La Liga,25,1779,19.8,21,4,7,0,0,0,0,0,0,0,0,0,0,0,0,0,0,0,0,0.1,0.5,0,0,0.1,11.1,21.4,0.1,"DF,MF"
1265,Max Kilman,0,2024-2025,27,eng ENG,West Ham,eng Premier League,38,3348,37.2,38,0,0,0,0,0,0,0,0,0,0,0,0,0.1,0,0.1,0,0,0,0.13,0.3,0,0,0.1,15.4,8.9,0,DF
1266,Tim Siersleben,0,2024-2025,24,de GER,Heidenheim,de Bundesliga,16,1182,13.1,14,2,18,0,0,0,0,0,0,0,0,0,0,0.1,0,0.1,0,0,0,0.15,0.3,0,0,0.2,50,8.6,0,DF
1267,Nicolò Casale,0,2024-2025,26,it ITA,2 Teams,it Serie A,17,1035,11.5,11,6,17,0,0.1,0.1,0,0,0,0,0,0,0,0.1,0,0.1,0,0,0,0.1,0.4,0,0,0.2,40,10.1,0,DF
1268,Javier Muñoz,0,2024-2025,29,es ESP,Las Palmas,es La Liga,35,2588,28.8,28,7,1,0,0.1,0.1,0,0,0,0,0,0,0.1,0.1,0.1,0.1,0,0,0,0.05,0.9,0.04,0.17,0.2,24,21.8,0,"MF,DF"
1269,Pervis Estupiñán,0,2024-2025,26,ec ECU,Brighton,eng Premier League,30,2402,26.7,26,4,1,0,0,0.1,0,0,0,0,0,0,0.1,0.1,0.1,0.1,0,0,0,0.04,1,0.04,0.11,0.3,32.1,24.5,0.1,DF
1270,Alessandro Bianco,0,2024-2025,21,it ITA,2 Teams,it Serie A,35,2618,29.1,29,6,2,0,0,0,0,0,0,0,0,0,0,0.1,0,0.1,0,0,0,0.05,0.9,0.04,0.17,0.2,23.1,23.7,0,MF
1271,Yannik Engelhardt,0,2024-2025,23,de GER,Como,it Serie A,26,1164,12.9,11,15,11,0.1,0.1,0.2,0.1,0,0,0,0,0,0.1,0.2,0.1,0.2,0,0,0,0.07,0.6,0.13,0.5,0.2,25,13.7,0,"MF,DF"
1272,Enric Franquesa,0,2024-2025,27,es ESP,Leganés,es La Liga,12,616,6.8,7,5,1,0.1,0,0.1,0.1,0,0,0,0,0,0,0.1,0,0.1,0.1,0.1,0,0.1,0.4,0.33,1,0.1,33.3,16.8,0,"DF,FW"
1273,Sam Beukema,0,2024-2025,25,nl NED,Bologna,it Serie A,35,3012,33.5,33,2,3,0,0,0,0,0,0,0,0,0,0,0.1,0,0.1,0,0,0,0.1,0.4,0,0,0.1,26.7,10.6,0,DF
1274,Matt Doherty,0,2024-2025,32,ie IRL,Wolves,eng Premier League,30,2109,23.4,25,5,8,0.1,0,0.1,0.1,0,0,0,0,0,0.1,0.1,0.1,0.1,0,0,0,0.1,0.4,0.2,0.67,0.1,30,11.4,0,DF
1275,Lars Ritzka,0,2024-2025,26,de GER,St. Pauli,de Bundesliga,21,922,10.2,11,10,8,0.1,0,0.1,0.1,0,0,0,0,0,0,0.1,0,0.1,0.1,0.1,0,0.06,0.8,0.13,1,0.1,12.5,25,0,"DF,MF"
1276,Máximo Perrone,0,2024-2025,21,ar ARG,Como,it Serie A,26,1857,20.6,20,6,0,0,0.1,0.1,0,0,0,0,0,0,0.1,0.2,0.1,0.2,0,0,0,0.09,0.5,0,0,0.1,20,22.2,0,MF
1277,Jefferson Lerma,0,2024-2025,29,co COL,Crystal Palace,eng Premier League,33,2274,25.3,26,7,1,0,0,0,0,0,0,0,0,0,0.1,0.1,0.1,0.1,0,0,0,0.04,1,0,0,0.3,30.8,19.8,0,"MF,DF"
1278,Pavel Kade?ábek,0,2024-2025,32,cz CZE,Hoffenheim,de Bundesliga,24,1576,17.5,18,6,4,0.1,0,0.1,0.1,0,0,0,0,0,0.1,0.2,0.1,0.2,0.1,0.1,-0.1,0.05,0.8,0.14,0.67,0.2,21.4,14.8,0,DF
1279,Ramon Hendriks,0,2024-2025,23,nl NED,Stuttgart,de Bundesliga,25,1154,12.8,10,15,8,0,0.1,0.1,0,0,0,0,0,0,0.1,0.1,0.1,0.1,0,0,0,0.11,0.4,0,0,0.1,20,11.1,0,DF
1280,Tuta,0,2024-2025,25,br BRA,Eint Frankfurt,de Bundesliga,30,2274,25.3,26,4,0,0.1,0,0.1,0.1,0,0,0,0,0,0,0.1,0,0.1,0,0,0,0.08,0.5,0.15,0.4,0.2,38.5,12.1,0,"DF,MF"
1281,Kevin Danso,0,2024-2025,25,at AUT,2 Teams,2 Comps,22,1922,21.4,21,1,0,0,0,0,0,0,0,0,0,0,0.1,0.1,0,0.1,0,0,-0.1,0.05,0.8,0,0,0.2,29.4,14.8,0,DF
1282,Enzo Boyomo,0,2024-2025,22,cm CMR,2 Teams,es La Liga,37,3257,36.2,36,1,0,0.1,0,0.1,0.1,0,0,0,0,0,0,0.1,0,0.1,0,0,0,0.11,0.4,0.14,0.67,0.1,21.4,12.3,0,DF
1283,Jarrad Branthwaite,0,2024-2025,22,eng ENG,Everton,eng Premier League,30,2511,27.9,28,2,0,0,0,0,0,0,0,0,0,0,0,0.1,0,0.1,0,0,0,0.12,0.4,0,0,0.1,30,8.2,0,DF
1284,Mikel Jauregizar,0,2024-2025,20,es ESP,Athletic Club,es La Liga,34,2244,24.9,25,9,2,0.1,0,0.1,0.1,0,0,0,0,0,0.1,0.1,0,0.1,0,0,0,0.05,0.8,0.1,0.25,0.3,38.1,22.1,0,MF
1285,Pierrick Capelle,0,2024-2025,37,fr FRA,Angers,fr Ligue 1,16,483,5.4,3,13,10,0,0,0,0,0,0,0,0,0,0.2,0.3,0.1,0.3,0,0,-0.2,0.04,1.1,0,,0,0,22.5,0,MF
1286,Michael Kayode,0,2024-2025,20,it ITA,2 Teams,2 Comps,17,655,7.3,7,10,15,0,0.1,0.1,0,0,0,0,0,0,0.2,0.2,0.1,0.2,0,0,-0.1,0.1,0.4,0,,0,0,15,0,DF
1287,Arnau Martinez,0,2024-2025,21,es ESP,Girona,es La Liga,32,2624,29.2,30,2,5,0.1,0.1,0.1,0.1,0,0,0,0,0,0.1,0.1,0.1,0.1,0,0,0,0.07,0.7,0.11,0.33,0.2,31.6,15.4,0,"DF,MF"
1288,Stanko Juri?,0,2024-2025,27,hr CRO,Valladolid,es La Liga,26,1729,19.2,19,7,8,0,0,0,0,0,0,0,0,0,0,0.1,0,0.1,0,0,0,0.1,0.4,0,0,0.1,25,15,0,MF
1289,Boubacar Kamara,0,2024-2025,24,fr FRA,Aston Villa,eng Premier League,26,1726,19.2,20,6,1,0.1,0,0.1,0.1,0,0,0,0,0,0,0.1,0,0.1,0,0,0,0.08,0.5,0.1,0.33,0.2,30,19.6,0,MF
1290,Florian Tardieu,0,2024-2025,32,fr FRA,Saint-Étienne,fr Ligue 1,24,1252,13.9,13,11,7,0.1,0.3,0.4,0.1,0,0,0,0,0,0.1,0.1,0.1,0.1,0.1,0.1,0.2,0.04,1.2,0.13,0.67,0.2,18.8,22.2,0,MF
1291,Andrew Robertson,0,2024-2025,30,sct SCO,Liverpool,eng Premier League,33,2482,27.6,29,4,5,0,0,0,0,0,0,0,0,0,0.2,0.2,0.2,0.2,0,0,-0.1,0.08,0.5,0,0,0.1,13.3,14.9,0,DF
1292,Youssouf Ndayishimiye,0,2024-2025,25,bi BDI,Nice,fr Ligue 1,23,1932,21.5,22,1,0,0.1,0,0.1,0.1,0,0,0,0,0,0,0.1,0,0.1,0.1,0.1,0,0.08,0.5,0.27,0.75,0.2,36.4,15,0,DF
1293,Mathías Olivera,0,2024-2025,26,uy URU,Napoli,it Serie A,32,2370,26.3,26,6,1,0,0.1,0.1,0,0,0,0,0,0,0.1,0.1,0,0.1,0,0,0,0.07,0.6,0,0,0.1,12.5,16.5,0,DF
1294,Leonardo Spinazzola,0,2024-2025,31,it ITA,Napoli,it Serie A,27,1517,16.9,17,10,6,0.1,0.1,0.1,0.1,0,0,0,0,0,0.2,0.2,0.2,0.2,0,0,-0.1,0.06,0.7,0.08,0.25,0.2,33.3,17.1,0,"DF,FW"
1295,Odilon Kossounou,0,2024-2025,23,ci CIV,2 Teams,2 Comps,18,1125,12.5,12,6,3,0,0,0,0,0,0,0,0,0,0,0,0,0,0,0,0,0.09,0.5,0,0,0.3,66.7,17.5,0,DF
1296,Soungoutou Magassa,0,2024-2025,20,fr FRA,Monaco,fr Ligue 1,21,1025,11.4,12,9,4,0,0.1,0.1,0,0,0,0,0,0,0.1,0.1,0.1,0.1,0,0,0,0.06,0.7,0,0,0.3,37.5,19,0,MF
1297,Anthony Rouault,0,2024-2025,23,fr FRA,2 Teams,2 Comps,29,2184,24.3,25,4,0,0,0,0,0,0,0,0,0,0,0,0.1,0,0.1,0,0,0,0.09,0.5,0.08,0.25,0.2,33.3,9.1,0,DF
1298,Michel Ndary Adopo,0,2024-2025,24,fr FRA,Cagliari,it Serie A,35,2409,26.8,27,8,2,0,0,0.1,0,0,0,0,0,0,0.1,0.1,0,0.1,0,0,0,0.06,0.7,0.05,0.25,0.1,20,15.2,0,MF
1299,Iván Sánchez,0,2024-2025,31,es ESP,Valladolid,es La Liga,32,1404,15.6,11,21,6,0.1,0.1,0.2,0.1,0,0,0,0,0,0.2,0.2,0.2,0.2,0.1,0.1,-0.1,0.04,1,0.13,0.4,0.3,33.3,21.1,0.1,"MF,FW"
1300,Lucas Oliveira Rosa,0,2024-2025,24,br BRA,Valladolid,es La Liga,21,1890,21,21,0,0,0,0,0,0,0,0,0,0,0,0.1,0.1,0.1,0.1,0,0,0,0.11,0.4,0,0,0.1,37.5,18.3,0,DF
1301,William Carvalho,0,2024-2025,32,pt POR,Betis,es La Liga,14,484,5.4,6,8,1,0,0,0,0,0,0,0,0,0,0,0.1,0.1,0.1,0,0,0,0.06,0.7,0,0,0.2,25,16.7,0,MF
1302,Hamza Rafia,0,2024-2025,25,tn TUN,Lecce,it Serie A,18,1058,11.8,14,4,16,0,0,0,0,0,0,0,0,0,0.1,0.2,0.1,0.2,0,0,-0.1,0.05,0.9,0,0,0.2,20,23.3,0.1,MF
1303,Pedro Pereira,0,2024-2025,26,pt POR,Monza,it Serie A,35,2665,29.6,32,3,1,0,0.1,0.1,0,0,0,0,0,0,0.1,0.1,0,0.1,0,0,0,0.09,0.4,0.08,0.17,0.2,46.2,15.3,0,DF
1304,Lukas Ullrich,0,2024-2025,20,de GER,Gladbach,de Bundesliga,26,1903,21.1,24,2,3,0,0.1,0.1,0,0,0,0,0,0,0.1,0.1,0.1,0.1,0,0,0,0.11,0.4,0.13,0.5,0.1,25,13.2,0,DF
1305,Juan Bernat,0,2024-2025,31,es ESP,2 Teams,es La Liga,24,911,10.1,10,14,10,0,0.2,0.2,0,0,0,0,0,0,0.1,0.2,0.1,0.2,0,0,0.1,0.07,0.6,0,0,0.1,16.7,20.6,0,"DF,MF"
1306,Billy Gilmour,0,2024-2025,23,sct SCO,2 Teams,2 Comps,28,1275,14.2,14,14,9,0,0.1,0.1,0,0,0,0,0,0,0.1,0.2,0.1,0.2,0,0,-0.1,0.06,0.7,0,0,0.1,10,22.6,0.1,MF
1307,Mikael Ellertsson,0,2024-2025,22,is ISL,Venezia,it Serie A,36,2470,27.4,29,7,1,0.1,0.1,0.1,0.1,0,0,0,0,0,0.1,0.1,0.1,0.1,0,0,0,0.05,0.8,0.1,0.5,0.1,19,18.1,0,"DF,MF"
1308,Kostas Tsimikas,0,2024-2025,28,gr GRE,Liverpool,eng Premier League,18,837,9.3,9,9,16,0,0.1,0.1,0,0,0,0,0,0,0.2,0.3,0.2,0.3,0,0,-0.1,0.1,0.4,0,0,0.2,50,16.1,0,DF
1309,Alberto Grassi,0,2024-2025,29,it ITA,Empoli,it Serie A,28,2203,24.5,27,1,1,0,0,0,0,0,0,0,0,0,0,0.1,0,0.1,0,0,0,0.09,0.4,0.09,0.25,0.2,36.4,15.7,0,MF
1310,Gerard Martín,0,2024-2025,22,es ESP,Barcelona,es La Liga,28,1038,11.5,11,17,10,0.1,0.3,0.3,0.1,0,0,0,0,0,0.1,0.1,0.1,0.1,0,0,0.2,0.07,0.6,0.14,0.5,0.2,28.6,16.6,0,DF
1311,Leo Skiri Østigård,0,2024-2025,24,no NOR,2 Teams,2 Comps,27,2154,23.9,25,2,2,0,0,0,0,0,0,0,0,0,0,0.1,0,0.1,0,0,0,0.09,0.5,0.09,0.5,0.1,18.2,9.1,0,DF
1312,Pep Chavarría,0,2024-2025,26,es ESP,Rayo Vallecano,es La Liga,34,2585,28.7,28,6,2,0,0,0,0,0,0,0,0,0,0.1,0.1,0.1,0.1,0,0,0,0.11,0.4,0,0,0.1,27.3,20.1,0,"DF,FW"
1313,Hassane Kamara,0,2024-2025,30,ci CIV,Udinese,it Serie A,30,2001,22.2,25,5,4,0,0.2,0.2,0,0,0,0,0,0,0.1,0.2,0.1,0.2,0,0,0.1,0.05,0.8,0.06,0.33,0.1,17.6,20.1,0,DF
1314,Angeliño,0,2024-2025,27,es ESP,Roma,it Serie A,38,3177,35.3,36,2,0,0.1,0,0.1,0.1,0,0,0,0,0,0.1,0.1,0.1,0.1,0,0,-0.1,0.06,0.7,0.08,0.33,0.2,25,20,0,DF
1315,Kelvin Amian,0,2024-2025,26,fr FRA,Nantes,fr Ligue 1,30,2165,24.1,23,7,3,0,0,0,0,0,0,0,0,0,0,0.1,0.1,0.1,0,0,0,0.14,0.3,0.14,0.25,0.2,57.1,14.9,0,DF
1316,Edmond Tapsoba,0,2024-2025,25,bf BFA,Leverkusen,de Bundesliga,29,2507,27.9,29,0,2,0,0,0,0,0,0,0,0,0,0,0,0,0,0,0,0,0.05,0.8,0,0,0.1,9.5,19.4,0,DF
1317,Oumar Solet,0,2024-2025,24,fr FRA,Udinese,it Serie A,19,1672,18.6,19,0,0,0.1,0.1,0.2,0.1,0,0,0,0,0,0.1,0.1,0,0.1,0,0,0,0.06,0.6,0.08,0.14,0.4,58.3,21.5,0.1,DF
1318,José Luis Palomino,0,2024-2025,34,ar ARG,Cagliari,it Serie A,18,1081,12,10,8,20,0.1,0,0.1,0.1,0,0,0,0,0,0,0,0,0,0,0,0,0.24,0.2,0.5,1,0.1,50,4.6,0,DF
1319,James Tarkowski,0,2024-2025,31,eng ENG,Everton,eng Premier League,33,2922,32.5,33,0,0,0,0,0.1,0,0,0,0,0,0,0.1,0.1,0.1,0.1,0,0,-0.1,0.09,0.5,0.07,0.25,0.1,26.7,8.4,0,DF
1320,Tariq Lamptey,0,2024-2025,23,gh GHA,Brighton,eng Premier League,15,860,9.6,10,5,10,0.2,0.2,0.4,0.2,0,0,0,0,0,0.1,0.1,0.1,0.1,0.2,0.2,0.1,0.06,0.6,0.33,1,0.2,33.3,18.5,0,DF
1321,Jan Paul van Hecke,0,2024-2025,24,nl NED,Brighton,eng Premier League,34,2958,32.9,33,1,0,0,0,0.1,0,0,0,0,0,0,0,0.1,0,0.1,0,0,0,0.08,0.5,0.06,0.2,0.2,29.4,13.9,0,DF
1322,Marvin Friedrich,0,2024-2025,28,de GER,Gladbach,de Bundesliga,22,989,11,9,13,9,0,0.1,0.1,0,0,0,0,0,0,0.1,0.1,0,0.1,0,0,0,0.06,0.6,0,0,0.2,28.6,9.9,0,DF
1323,Stefan Posch,0,2024-2025,27,at AUT,2 Teams,it Serie A,19,1101,12.2,11,8,6,0,0,0,0,0,0,0,0,0,0.1,0.1,0,0.1,0,0,-0.1,0.1,0.4,0,0,0.2,40,14.9,0,DF
1324,Scott McKenna,0,2024-2025,27,sct SCO,Las Palmas,es La Liga,29,2466,27.4,28,1,1,0,0,0,0,0,0,0,0,0,0,0.1,0,0.1,0,0,0,0.11,0.4,0,,0,0,12.5,0,DF
1325,Murillo,0,2024-2025,22,br BRA,Nott'ham Forest,eng Premier League,36,3188,35.4,36,0,0,0.1,0,0.1,0.1,0,0,0,0,0,0,0.1,0,0.1,0,0,0,0.06,0.7,0.08,0.33,0.2,24,21.9,0.1,DF
1326,Samuele Ricci,0,2024-2025,22,it ITA,Torino,it Serie A,34,2825,31.4,34,0,1,0,0,0.1,0,0,0,0,0,0,0,0.1,0,0.1,0,0,0,0.06,0.7,0.05,0.14,0.2,31.8,25.3,0,MF
1327,Abakar Sylla,0,2024-2025,21,ci CIV,Strasbourg,fr Ligue 1,21,950,10.6,10,11,9,0.1,0,0.1,0.1,0,0,0,0,0,0,0,0,0,0.1,0.1,0,0.08,0.5,0.2,1,0.1,20,9,0,DF
1328,Oier Zarraga,0,2024-2025,25,es ESP,Udinese,it Serie A,22,896,10,9,13,9,0.1,0,0.1,0.1,0,0,0,0,0,0,0.1,0.1,0.1,0.1,0.1,0,0.07,0.6,0.17,1,0.1,16.7,21.2,0,MF
1329,Valentino Lazaro,0,2024-2025,28,at AUT,Torino,it Serie A,33,2307,25.6,26,7,1,0,0.2,0.2,0,0,0,0,0,0,0.1,0.2,0.1,0.2,0,0,0.1,0.06,0.6,0,0,0.1,12.5,19.5,0.1,"DF,FW"
1330,Yves Bissouma,0,2024-2025,27,ml MLI,Tottenham,eng Premier League,28,1408,15.6,16,12,6,0.1,0,0.1,0.1,0,0,0,0,0,0,0.1,0,0.1,0.1,0.1,0,0.06,0.7,0.18,0.5,0.3,36.4,23.4,0,MF
1331,Ander Guevara,0,2024-2025,27,es ESP,Alavés,es La Liga,33,1947,21.6,20,13,5,0,0,0,0,0,0,0,0,0,0,0.1,0,0.1,0,0,0,0.07,0.6,0,0,0.1,25,20.9,0,MF
1332,Sergi Gómez,0,2024-2025,32,es ESP,Espanyol,es La Liga,12,664,7.4,6,6,25,0,0,0,0,0,0,0,0,0,0,0,0,0,0,0,0,0.15,0.3,0,0,0.1,50,8.7,0,DF
1333,Raoul Bellanova,0,2024-2025,24,it ITA,2 Teams,it Serie A,35,2489,27.7,28,7,2,0,0.3,0.3,0,0,0,0,0,0,0.2,0.2,0.2,0.2,0,0,0.2,0.06,0.7,0,0,0.2,26.3,14.9,0,DF
1334,Manu Morlanes,0,2024-2025,25,es ESP,Mallorca,es La Liga,23,1338,14.9,15,8,2,0,0,0,0,0,0,0,0,0,0,0.1,0,0.1,0,0,0,0.05,0.7,0,0,0.1,9.1,22.2,0,MF
1335,Dodô,0,2024-2025,25,br BRA,Fiorentina,it Serie A,35,3115,34.6,35,0,0,0,0.1,0.1,0,0,0,0,0,0,0.1,0.2,0.1,0.2,0,0,0,0.05,0.8,0,0,0.1,18.5,17.9,0,DF
1336,Ondrej Duda,0,2024-2025,29,sk SVK,Hellas Verona,it Serie A,28,2395,26.6,27,1,0,0,0.1,0.2,0,0,0,0,0,0,0.1,0.2,0.1,0.2,0,0,0,0.04,0.9,0.04,0.2,0.2,20,27.1,0.2,MF
1337,Axel Disasi,0,2024-2025,26,fr FRA,2 Teams,eng Premier League,13,854,9.5,9,4,13,0.1,0,0.1,0.1,0,0,0,0,0,0.1,0.1,0,0.1,0.1,0.1,-0.1,0.09,0.4,0.25,1,0.1,25,15.9,0,DF
1338,Ezri Konsa,0,2024-2025,26,eng ENG,Aston Villa,eng Premier League,34,2936,32.6,33,1,1,0.1,0,0.1,0.1,0,0,0,0,0,0,0.1,0,0.1,0,0,0,0.12,0.3,0.18,0.4,0.2,45.5,8.8,0,DF
1339,Luck Zogbé,0,2024-2025,19,ci CIV,Brest,fr Ligue 1,13,638,7.1,7,6,17,0,0,0,0,0,0,0,0,0,0,0.1,0,0.1,0,0,0,0.03,1.1,0,0,0.1,12.5,23.2,0,DF
1340,Alberto Dossena,0,2024-2025,25,it ITA,Como,it Serie A,23,1825,20.3,20,3,3,0,0.1,0.1,0,0,0,0,0,0,0,0.1,0,0.1,0,0,0.1,0.07,0.6,0,0,0.1,25,11.3,0,DF
1341,Lewis Holtby,0,2024-2025,33,de GER,Holstein Kiel,de Bundesliga,25,1238,13.8,13,12,1,0,0.1,0.1,0,0,0,0,0,0,0.1,0.2,0.1,0.2,0,0,0,0.08,0.5,0,,0,0,25.3,0.1,MF
1342,Kobbie Mainoo,0,2024-2025,19,eng ENG,Manchester Utd,eng Premier League,25,1651,18.3,19,6,1,0,0,0,0,0,0,0,0,0,0.1,0.1,0.1,0.1,0,0,-0.1,0.05,0.8,0,0,0.1,13.3,20.5,0,MF
1343,Lucas Beraldo,0,2024-2025,20,br BRA,Paris S-G,fr Ligue 1,25,2011,22.3,22,3,8,0,0,0,0,0,0,0,0,0,0,0.1,0,0.1,0,0,0,0.07,0.5,0.08,0.25,0.2,33.3,14.2,0,DF
1344,Janik Haberer,0,2024-2025,30,de GER,Union Berlin,de Bundesliga,28,1696,18.8,21,7,6,0,0,0,0,0,0,0,0,0,0,0.1,0.1,0.1,0,0,0,0.05,0.8,0,0,0.2,20,20.4,0,"MF,DF"
1345,Isak Hien,0,2024-2025,25,se SWE,Atalanta,it Serie A,30,2327,25.9,27,3,2,0,0,0,0,0,0,0,0,0,0,0,0,0,0,0,0,0.12,0.3,0,0,0.1,25,7.9,0,DF
1346,James Garner,0,2024-2025,23,eng ENG,Everton,eng Premier League,21,1594,17.7,17,4,1,0,0.1,0.1,0,0,0,0,0,0,0.1,0.1,0.1,0.1,0,0,0,0.06,0.7,0,0,0.2,33.3,20.4,0.1,"MF,DF"
1347,Philipp Treu,0,2024-2025,23,de GER,St. Pauli,de Bundesliga,33,2881,32,33,0,0,0,0.1,0.1,0,0,0,0,0,0,0.1,0.1,0.1,0.1,0,0,0,0.07,0.6,0,0,0.1,21.1,16.5,0,"MF,DF"
1348,Amadou Koné,0,2024-2025,19,ml MLI,Reims,fr Ligue 1,24,1293,14.4,17,7,3,0,0,0,0,0,0,0,0,0,0,0.1,0,0.1,0,0,0,0.04,1,0,0,0.3,28.6,26.3,0,MF
1349,Lennard Maloney,0,2024-2025,24,us USA,2 Teams,de Bundesliga,16,786,8.7,10,6,10,0,0,0,0,0,0,0,0,0,0,0,0,0,0,0,0,0.11,0.3,0,,0,0,10.6,0,MF
1350,Tyrick Mitchell,0,2024-2025,24,eng ENG,Crystal Palace,eng Premier League,37,3092,34.4,37,0,1,0,0.1,0.1,0,0,0,0,0,0,0.2,0.2,0.1,0.2,0,0,0,0.11,0.3,0,0,0.1,25,12.8,0,DF
1351,Yehor Yarmoliuk,0,2024-2025,20,ua UKR,Brentford,eng Premier League,31,1450,16.1,15,16,7,0,0,0,0,0,0,0,0,0,0.1,0.1,0.1,0.1,0,0,-0.1,0.07,0.6,0,0,0.1,22.2,15.9,0,MF
1352,Alessandro Buongiorno,0,2024-2025,25,it ITA,Napoli,it Serie A,22,1924,21.4,22,0,4,0,0,0,0,0,0,0,0,0,0,0.1,0,0.1,0,0,0,0.1,0.4,0.13,0.25,0.2,50,11,0,DF
1353,Dimitris Giannoulis,0,2024-2025,28,gr GRE,Augsburg,de Bundesliga,31,2650,29.4,31,0,0,0,0.1,0.2,0,0,0,0,0,0,0.1,0.2,0.2,0.2,0,0,0,0.09,0.4,0.08,0.25,0.1,30.8,16.4,0,DF
1354,Dylan Batubinsika,0,2024-2025,28,cd COD,Saint-Étienne,fr Ligue 1,25,2016,22.4,22,3,5,0,0,0,0,0,0,0,0,0,0,0,0,0,0,0,0,0.12,0.3,0.14,0.5,0.1,28.6,10.5,0,DF
1355,Gautier Lloris,0,2024-2025,29,fr FRA,Le Havre,fr Ligue 1,31,2768,30.8,31,0,1,0.1,0,0.1,0.1,0,0,0,0,0,0,0.1,0,0.1,0,0,0,0.11,0.4,0.18,1,0.1,18.2,12.8,0,DF
1356,André Gomes,0,2024-2025,31,pt POR,Lille,fr Ligue 1,20,1276,14.2,16,4,6,0,0,0,0,0,0,0,0,0,0.1,0.1,0.1,0.1,0,0,-0.1,0.05,0.8,0,0,0.2,27.3,24.5,0.1,MF
1357,Senne Lynen,0,2024-2025,25,be BEL,Werder Bremen,de Bundesliga,32,2733,30.4,32,0,0,0,0,0,0,0,0,0,0,0,0,0.1,0,0.1,0,0,0,0.05,0.8,0,0,0.1,12.5,22,0,MF
1358,Sead Kolašinac,0,2024-2025,31,ba BIH,Atalanta,it Serie A,23,1903,21.1,23,0,0,0,0.1,0.1,0,0,0,0,0,0,0.1,0.1,0.1,0.1,0,0,0,0.08,0.5,0,0,0.1,20,13.2,0,DF
1359,Stefan Lainer,0,2024-2025,31,at AUT,Gladbach,de Bundesliga,21,757,8.4,6,15,12,0.1,0,0.1,0.1,0,0,0,0,0,0.1,0.2,0.1,0.2,0.1,0.1,-0.1,0.08,0.5,0.25,1,0.1,25,14.9,0,DF
1360,Thierry Correia,0,2024-2025,25,pt POR,Valencia,es La Liga,11,768,8.5,9,2,0,0,0,0,0,0,0,0,0,0,0,0.1,0.1,0.1,0,0,0,0.05,0.8,0,0,0.4,42.9,19,0,DF
1361,Fran Beltrán,0,2024-2025,25,es ESP,Celta Vigo,es La Liga,34,2421,26.9,29,5,4,0.1,0,0.1,0.1,0,0,0,0,0,0.1,0.1,0.1,0.1,0,0,0,0.04,0.9,0.09,0.5,0.1,17.4,23.1,0,MF
1362,András Schäfer,0,2024-2025,25,hu HUN,Union Berlin,de Bundesliga,26,1534,17,17,9,7,0.1,0.1,0.1,0.1,0,0,0,0,0,0.1,0.1,0.1,0.1,0,0,0,0.05,0.7,0.08,1,0.1,8.3,21.8,0,MF
1363,Tim Iroegbunam,0,2024-2025,21,eng ENG,Everton,eng Premier League,18,574,6.4,5,13,4,0,0.2,0.2,0,0,0,0,0,0,0,0.1,0,0.1,0,0,0.1,0.05,0.8,0,,0,0,22.5,0,MF
1364,Mattéo Guendouzi,0,2024-2025,25,fr FRA,Lazio,it Serie A,37,3270,36.3,37,0,0,0,0.1,0.1,0,0,0,0,0,0,0.1,0.1,0.1,0.1,0,0,0,0.05,0.7,0.04,0.13,0.2,29.6,20.5,0,MF
1365,Bernardo,0,2024-2025,29,br BRA,Bochum,de Bundesliga,21,1782,19.8,19,2,0,0,0,0,0,0,0,0,0,0,0,0.1,0.1,0.1,0,0,0,0.09,0.4,0,0,0.1,25,8.6,0,DF
1366,Lucien Agoume,0,2024-2025,22,fr FRA,Sevilla,es La Liga,35,2114,23.5,24,11,1,0,0.1,0.2,0,0,0,0,0,0,0.1,0.1,0.1,0.1,0,0,0,0.09,0.4,0.1,0.5,0.1,20,15,0,MF
1367,Reece James,0,2024-2025,24,eng ENG,Chelsea,eng Premier League,19,1063,11.8,12,7,4,0.1,0.1,0.2,0.1,0,0,0,0,0,0.1,0.1,0.1,0.1,0,0,0,0.04,0.9,0.09,0.33,0.3,27.3,23.2,0.3,"DF,MF"
1368,Illia Zabarnyi,0,2024-2025,21,ua UKR,Bournemouth,eng Premier League,36,3109,34.5,35,1,0,0,0,0,0,0,0,0,0,0,0,0.1,0,0.1,0,0,0,0.11,0.3,0,0,0,8.3,9.8,0,DF
1369,Gabriel Gudmundsson,0,2024-2025,25,se SWE,Lille,fr Ligue 1,30,1785,19.8,20,10,4,0.1,0,0.1,0.1,0,0,0,0,0,0.1,0.1,0.1,0.1,0.1,0.1,-0.1,0.04,0.9,0.11,0.4,0.3,27.8,18.8,0,DF
1370,Adam Smith,0,2024-2025,33,eng ENG,Bournemouth,eng Premier League,25,1590,17.7,19,6,1,0,0,0,0,0,0,0,0,0,0,0.1,0,0.1,0,0,0,0.22,0.2,0,,0,0,16.9,0,DF
1371,Saúl Coco,0,2024-2025,25,gq EQG,Torino,it Serie A,32,2845,31.6,32,0,3,0.1,0,0.1,0.1,0,0,0,0,0,0,0,0,0,0,0,0,0.06,0.6,0.1,0.4,0.2,25,18.7,0.1,DF
1372,Jack Stephens,0,2024-2025,30,eng ENG,Southampton,eng Premier League,19,1389,15.4,17,2,4,0.1,0,0.1,0.1,0,0,0,0,0,0,0,0,0,0,0,0,0.14,0.3,0.25,0.5,0.1,50,11,0,DF
1373,Dara O'Shea,0,2024-2025,25,ie IRL,Ipswich Town,eng Premier League,35,3122,34.7,35,0,1,0,0.1,0.1,0,0,0,0,0,0,0,0.1,0,0.1,0,0,0,0.06,0.6,0,0,0.1,9.1,13.6,0,DF
1374,Marcus Pedersen,0,2024-2025,24,no NOR,Torino,it Serie A,29,1362,15.1,15,14,6,0,0,0,0,0,0,0,0,0,0,0.1,0,0.1,0,0,0,0.07,0.5,0,0,0.2,37.5,17.1,0,DF
1375,Fabiano Parisi,0,2024-2025,23,it ITA,Fiorentina,it Serie A,26,1124,12.5,11,15,12,0.2,0,0.2,0.2,0,0,0,0,0,0.1,0.1,0.1,0.1,0.1,0.1,-0.1,0.05,0.7,0.22,0.4,0.4,55.6,19.7,0,"DF,MF"
1376,Davide Calabria,0,2024-2025,27,it ITA,2 Teams,it Serie A,18,948,10.5,11,7,11,0,0.1,0.1,0,0,0,0,0,0,0.1,0.2,0.1,0.2,0,0,0,0.08,0.5,0,,0,0,23.7,0,DF
1377,Leonardo Balerdi,0,2024-2025,25,ar ARG,Marseille,fr Ligue 1,27,2273,25.3,27,0,1,0,0,0,0,0,0,0,0,0,0,0.1,0,0.1,0,0,0,0.06,0.6,0,0,0,6.7,17.1,0,DF
1378,Nikola Moro,0,2024-2025,26,hr CRO,Bologna,it Serie A,22,1208,13.4,15,7,16,0,0.1,0.1,0,0,0,0,0,0,0.1,0.1,0.1,0.1,0,0,0.1,0.03,1,0,0,0.1,14.3,26.1,0.1,MF
1379,Joachim Andersen,0,2024-2025,28,dk DEN,2 Teams,eng Premier League,30,2673,29.7,30,0,2,0,0,0,0,0,0,0,0,0,0,0.1,0,0.1,0,0,0,0.05,0.7,0,0,0.2,25,15.6,0,DF
1380,Magnus Kofod Andersen,0,2024-2025,25,dk DEN,Venezia,it Serie A,14,695,7.7,7,7,4,0.1,0.1,0.3,0.1,0,0,0,0,0,0.1,0.1,0.1,0.1,0.1,0.1,0.1,0.03,1,0.13,0.5,0.3,25,25,0,MF
1381,Héctor Fort,0,2024-2025,17,es ESP,Barcelona,es La Liga,17,585,6.5,5,12,19,0,0,0,0,0,0,0,0,0,0.1,0.2,0.2,0.2,0,0,-0.1,0.04,0.9,0,,0,0,19.8,0,DF
1382,Issa Diop,0,2024-2025,27,fr FRA,Fulham,eng Premier League,21,1339,14.9,15,6,9,0,0,0,0,0,0,0,0,0,0,0,0,0,0,0,0,0.11,0.3,0,0,0.1,40,10.7,0,DF
1383,Cristiano Biraghi,0,2024-2025,31,it ITA,2 Teams,it Serie A,23,1591,17.7,18,5,5,0.1,0,0.1,0.1,0,0,0,0,0,0.2,0.2,0.2,0.2,0,0,-0.2,0.04,0.8,0.07,0.33,0.2,20,26,0.3,DF
1384,Guillermo Maripán,0,2024-2025,30,cl CHI,2 Teams,2 Comps,28,2340,26,27,1,7,0,0,0.1,0,0,0,0,0,0,0,0.1,0,0.1,0,0,0,0.08,0.5,0.08,0.2,0.2,41.7,12.8,0,DF
1385,Eduardo Camavinga,0,2024-2025,21,fr FRA,Real Madrid,es La Liga,19,1102,12.2,11,8,1,0.1,0.2,0.2,0.1,0,0,0,0,0,0.1,0.1,0.1,0.1,0,0,0.1,0.05,0.7,0.13,0.5,0.2,25,18.5,0,"MF,DF"
1386,Remo Freuler,0,2024-2025,32,ch SUI,Bologna,it Serie A,37,3204,35.6,37,0,0,0,0.1,0.1,0,0,0,0,0,0,0,0.1,0,0.1,0,0,0,0.07,0.5,0.06,0.25,0.1,23.5,20.4,0,MF
1387,Ivan Ordets,0,2024-2025,32,ua UKR,Bochum,de Bundesliga,22,1861,20.7,21,1,2,0,0,0,0,0,0,0,0,0,0,0.1,0.1,0.1,0,0,0,0.07,0.5,0,,0,0,10,0,DF
1388,Fran Garcia,0,2024-2025,24,es ESP,Real Madrid,es La Liga,31,2171,24.1,24,7,7,0,0.1,0.1,0,0,0,0,0,0,0.1,0.1,0.1,0.1,0,0,0,0.06,0.6,0,0,0.1,21.4,19.4,0,DF
1389,Enzo Loiodice,0,2024-2025,23,fr FRA,Las Palmas,es La Liga,17,684,7.6,7,10,19,0,0,0,0,0,0,0,0,0,0,0.1,0,0.1,0,0,0,0.04,0.9,0,0,0.5,57.1,25.9,0,MF
1390,Domagoj Bradari?,0,2024-2025,24,hr CRO,Hellas Verona,it Serie A,28,1933,21.5,24,4,7,0,0,0,0,0,0,0,0,0,0.1,0.1,0.1,0.1,0,0,-0.1,0.08,0.4,0.11,0.25,0.2,44.4,19.6,0,DF
1391,Adrià Pedrosa,0,2024-2025,26,es ESP,Sevilla,es La Liga,31,2298,25.5,27,4,3,0,0,0.1,0,0,0,0,0,0,0.1,0.1,0.1,0.1,0,0,0,0.04,0.9,0.04,0.14,0.3,29.2,24.5,0,DF
1392,Gabriel Suazo,0,2024-2025,26,cl CHI,Toulouse,fr Ligue 1,30,2163,24,23,7,1,0,0.2,0.2,0,0,0,0,0,0,0.2,0.2,0.2,0.2,0,0,0.1,0.12,0.3,0,0,0.2,57.1,17.1,0.1,DF
1393,Han-Noah Massengo,0,2024-2025,23,fr FRA,Auxerre,fr Ligue 1,17,1046,11.6,11,6,0,0,0,0,0,0,0,0,0,0,0,0.1,0,0.1,0,0,0,0.07,0.5,0,0,0.3,50,17.6,0,MF
1394,Konstantinos Koulierakis,0,2024-2025,20,gr GRE,Wolfsburg,de Bundesliga,30,2468,27.4,28,2,1,0,0.1,0.1,0,0,0,0,0,0,0,0.1,0,0.1,0,0,0,0.04,0.8,0,0,0.1,13.6,16.4,0,DF
1395,Aleksandar Pavlovic,0,2024-2025,20,de GER,Bayern Munich,de Bundesliga,21,1451,16.1,18,3,3,0.1,0,0.1,0.1,0,0,0,0,0,0,0,0.1,0,0,0,0,0.06,0.6,0.11,0.25,0.2,44.4,20.4,0,MF
1396,Djaoui Cissé,0,2024-2025,20,fr FRA,Rennes,fr Ligue 1,14,1121,12.5,14,0,6,0.1,0,0.1,0.1,0,0,0,0,0,0,0.1,0.1,0.1,0,0,0,0.03,1.2,0.07,0.14,0.6,46.7,28.3,0,MF
1397,Leandro Cabrera,0,2024-2025,33,uy URU,Espanyol,es La Liga,33,2869,31.9,32,1,0,0.1,0.1,0.2,0.1,0,0,0,0,0,0,0.1,0,0.1,0.1,0.1,0,0.06,0.6,0.21,0.67,0.2,31.6,12.2,0,DF
1398,Lewis Dunk,0,2024-2025,32,eng ENG,Brighton,eng Premier League,25,2083,23.1,23,2,2,0,0,0,0,0,0,0,0,0,0,0.1,0,0.1,0,0,0,0.07,0.5,0,0,0.1,25,12.1,0,DF
1399,Cristian Cásseres Jr.,0,2024-2025,24,ve VEN,Toulouse,fr Ligue 1,32,2696,30,31,1,0,0,0.1,0.1,0,0,0,0,0,0,0.1,0.1,0.1,0.1,0,0,0,0.06,0.6,0.06,0.2,0.2,29.4,21.3,0.1,MF
1400,Pasquale Mazzocchi,0,2024-2025,29,it ITA,Napoli,it Serie A,20,702,7.8,7,13,11,0,0,0,0,0,0,0,0,0,0,0.1,0.1,0.1,0,0,0,0.09,0.4,0,0,0.1,33.3,13.4,0,"DF,FW"
,,,,,,,,,,,,,,,,,,,,,,,,,,,,,,,,,,,,,,
